{
  "instance": "data/JSPLIB/instances/ta12",
  "instance_name": "ta12",
  "algorithm": "tabu",
  "runs": 2,
  "timestamp": "20250824_131424",
  "per_run": [
    {
      "run": 1,
      "cmax": 2570,
      "time": 0.2131641249999987
    },
    {
      "run": 2,
      "cmax": 2137,
      "time": 0.2132618750000006
    }
  ],
  "best": {
    "cmax": 2137,
    "time": 0.2132618750000006,
    "permutation": "[[0,0],[1,0],[16,0],[12,0],[7,0],[19,0],[7,1],[2,0],[4,0],[10,0],[11,0],[4,1],[14,0],[19,1],[8,0],[10,1],[8,1],[2,1],[16,1],[11,1],[11,2],[13,0],[7,2],[6,0],[15,0],[17,0],[19,2],[5,0],[18,0],[9,0],[18,1],[11,3],[14,1],[8,2],[14,2],[12,1],[18,2],[16,2],[1,1],[17,1],[19,3],[6,1],[13,1],[18,3],[3,0],[9,1],[13,2],[18,4],[0,1],[1,2],[1,3],[2,2],[5,1],[16,3],[0,2],[19,4],[0,3],[12,2],[16,4],[1,4],[8,3],[10,2],[13,3],[7,3],[19,5],[15,1],[4,2],[14,3],[9,2],[16,5],[6,2],[17,2],[12,3],[1,5],[18,5],[16,6],[6,3],[13,4],[8,4],[0,4],[13,5],[19,6],[11,4],[8,5],[16,7],[1,6],[6,4],[7,4],[8,6],[6,5],[6,6],[12,4],[17,3],[19,7],[2,3],[5,2],[12,5],[7,5],[11,5],[16,8],[3,1],[13,6],[4,3],[0,5],[9,3],[10,3],[6,7],[10,4],[8,7],[17,4],[6,8],[12,6],[15,2],[16,9],[16,10],[6,9],[9,4],[4,4],[1,7],[9,5],[14,4],[6,10],[2,4],[0,6],[18,6],[13,7],[4,5],[18,7],[14,5],[14,6],[13,8],[11,6],[14,7],[19,8],[10,5],[4,6],[8,8],[4,7],[12,7],[0,7],[2,5],[19,9],[15,3],[1,8],[19,10],[0,8],[9,6],[19,11],[9,7],[13,9],[7,6],[18,8],[7,7],[18,9],[13,10],[7,8],[4,8],[14,8],[19,12],[14,9],[9,8],[19,13],[10,6],[8,9],[18,10],[5,3],[0,9],[2,6],[17,5],[15,4],[16,11],[18,11],[2,7],[17,6],[2,8],[16,12],[4,9],[9,9],[3,2],[5,4],[5,5],[0,10],[15,5],[1,9],[9,10],[3,3],[17,7],[12,8],[3,4],[8,10],[12,9],[2,9],[8,11],[18,12],[14,10],[2,10],[13,11],[0,11],[10,7],[16,13],[9,11],[3,5],[16,14],[3,6],[8,12],[14,11],[15,6],[17,8],[4,10],[2,11],[5,6],[8,13],[15,7],[14,12],[13,12],[10,8],[7,9],[2,12],[10,9],[6,11],[19,14],[0,12],[17,9],[3,7],[3,8],[13,13],[4,11],[0,13],[8,14],[12,10],[4,12],[13,14],[18,13],[7,10],[11,7],[17,10],[17,11],[0,14],[3,9],[1,10],[4,13],[15,8],[17,12],[9,12],[10,10],[7,11],[5,7],[1,11],[1,12],[3,10],[10,11],[14,13],[5,8],[1,13],[12,11],[2,13],[15,9],[15,10],[7,12],[2,14],[4,14],[12,12],[3,11],[15,11],[3,12],[6,12],[3,13],[11,8],[15,12],[1,14],[11,9],[6,13],[17,13],[6,14],[14,14],[15,13],[9,13],[18,14],[5,9],[17,14],[5,10],[12,13],[12,14],[9,14],[11,10],[5,11],[11,11],[10,12],[3,14],[11,12],[5,12],[11,13],[7,13],[5,13],[10,13],[5,14],[15,14],[11,14],[7,14],[10,14]]"
  },
  "average": {
    "avg_cmax": 2353.5,
    "avg_time": 0.21321299999999965
  }
}