{
  "instance": "data/JSPLIB/instances/ta15",
  "instance_name": "ta15",
  "algorithm": "sa",
  "runs": 2,
  "timestamp": "20250824_131437",
  "per_run": [
    {
      "run": 1,
      "cmax": 2576,
      "time": 0.28399566699999923
    },
    {
      "run": 2,
      "cmax": 2585,
      "time": 0.10949724999999688
    }
  ],
  "best": {
    "cmax": 2576,
    "time": 0.28399566699999923,
    "permutation": "[[3,0],[13,0],[11,0],[13,1],[3,1],[2,0],[19,0],[5,0],[4,0],[8,0],[10,0],[11,1],[3,2],[10,1],[16,0],[19,1],[17,0],[12,0],[0,0],[19,2],[4,1],[13,2],[8,1],[15,0],[0,1],[17,1],[14,0],[7,0],[0,2],[13,3],[7,1],[14,1],[3,3],[3,4],[18,0],[13,4],[16,1],[13,5],[3,5],[0,3],[11,2],[10,2],[8,2],[9,0],[11,3],[19,3],[4,2],[13,6],[7,2],[6,0],[3,6],[18,1],[0,4],[13,7],[6,1],[9,1],[14,2],[19,4],[13,8],[19,5],[3,7],[18,2],[10,3],[0,5],[9,2],[6,2],[15,1],[6,3],[2,1],[14,3],[16,2],[17,2],[12,1],[2,2],[3,8],[6,4],[3,9],[12,2],[11,4],[2,3],[16,3],[4,3],[1,0],[1,1],[18,3],[18,4],[8,3],[14,4],[11,5],[19,6],[18,5],[17,3],[3,10],[5,1],[2,4],[18,6],[17,4],[7,3],[13,9],[6,5],[12,3],[17,5],[0,6],[16,4],[18,7],[14,5],[15,2],[5,2],[10,4],[1,2],[7,4],[17,6],[1,3],[12,4],[13,10],[14,6],[2,5],[4,4],[8,4],[10,5],[10,6],[0,7],[5,3],[19,7],[8,5],[10,7],[15,3],[9,3],[12,5],[9,4],[2,6],[1,4],[12,6],[8,6],[1,5],[1,6],[13,11],[4,5],[5,4],[17,7],[2,7],[8,7],[3,11],[10,8],[9,5],[15,4],[2,8],[12,7],[10,9],[15,5],[7,5],[5,5],[9,6],[17,8],[2,9],[8,8],[7,6],[8,9],[6,6],[2,10],[0,8],[5,6],[10,10],[8,10],[1,7],[13,12],[15,6],[10,11],[4,6],[18,8],[11,6],[0,9],[17,9],[5,7],[16,5],[1,8],[2,11],[18,9],[2,12],[13,13],[14,7],[10,12],[6,7],[3,12],[15,7],[2,13],[15,8],[1,9],[6,8],[1,10],[15,9],[7,7],[16,6],[0,10],[8,11],[6,9],[18,10],[14,8],[17,10],[11,7],[18,11],[1,11],[16,7],[19,8],[6,10],[9,7],[15,10],[4,7],[6,11],[12,8],[15,11],[14,9],[1,12],[12,9],[1,13],[14,10],[9,8],[6,12],[18,12],[16,8],[19,9],[1,14],[7,8],[3,13],[7,9],[10,13],[10,14],[18,13],[14,11],[6,13],[19,10],[11,8],[9,9],[19,11],[5,8],[18,14],[8,12],[7,10],[17,11],[5,9],[3,14],[19,12],[12,10],[15,12],[7,11],[16,9],[16,10],[6,14],[4,8],[13,14],[16,11],[8,13],[5,10],[8,14],[11,9],[15,13],[16,12],[19,13],[0,11],[7,12],[14,12],[19,14],[15,14],[14,13],[5,11],[4,9],[4,10],[17,12],[9,10],[0,12],[9,11],[17,13],[5,12],[17,14],[12,11],[14,14],[7,13],[4,11],[2,14],[5,13],[0,13],[4,12],[11,10],[11,11],[4,13],[5,14],[16,13],[9,12],[4,14],[12,12],[11,12],[11,13],[12,13],[16,14],[0,14],[7,14],[11,14],[12,14],[9,13],[9,14]]"
  },
  "average": {
    "avg_cmax": 2580.5,
    "avg_time": 0.19674645849999806
  }
}