{
  "instance": "data/JSPLIB/instances/ta02",
  "instance_name": "ta02",
  "algorithm": "sa",
  "runs": 2,
  "timestamp": "20250824_131347",
  "per_run": [
    {
      "run": 1,
      "cmax": 2112,
      "time": 0.09918779200000039
    },
    {
      "run": 2,
      "cmax": 2005,
      "time": 0.12107120800000004
    }
  ],
  "best": {
    "cmax": 2005,
    "time": 0.12107120800000004,
    "permutation": "[[11,0],[14,0],[6,0],[3,0],[9,0],[8,0],[0,0],[3,1],[2,0],[7,0],[11,1],[4,0],[10,0],[3,2],[7,1],[9,1],[7,2],[13,0],[6,1],[10,1],[6,2],[5,0],[0,1],[2,1],[4,1],[2,2],[8,1],[0,2],[11,2],[5,1],[1,0],[11,3],[13,1],[14,1],[7,3],[4,2],[3,3],[14,2],[7,4],[7,5],[8,2],[1,1],[3,4],[0,3],[0,4],[13,2],[5,2],[14,3],[13,3],[2,3],[5,3],[2,4],[7,6],[13,4],[4,3],[9,2],[12,0],[11,4],[12,1],[1,2],[10,2],[12,2],[8,3],[10,3],[10,4],[11,5],[3,5],[13,5],[4,4],[3,6],[3,7],[9,3],[6,3],[6,4],[6,5],[12,3],[11,6],[10,5],[0,5],[6,6],[13,6],[8,4],[13,7],[5,4],[2,5],[10,6],[12,4],[5,5],[6,7],[1,3],[10,7],[0,6],[6,8],[11,7],[5,6],[11,8],[7,7],[7,8],[8,5],[14,4],[10,8],[8,6],[12,5],[5,7],[3,8],[10,9],[14,5],[14,6],[5,8],[10,10],[12,6],[2,6],[11,9],[12,7],[6,9],[8,7],[11,10],[1,4],[9,4],[6,10],[10,11],[9,5],[1,5],[10,12],[11,11],[2,7],[7,9],[6,11],[5,9],[7,10],[8,8],[10,13],[9,6],[5,10],[7,11],[5,11],[5,12],[7,12],[0,7],[3,9],[1,6],[7,13],[12,8],[6,12],[12,9],[3,10],[11,12],[0,8],[7,14],[3,11],[13,8],[0,9],[1,7],[9,7],[0,10],[10,14],[4,5],[5,13],[2,8],[8,9],[1,8],[12,10],[13,9],[8,10],[14,7],[9,8],[8,11],[3,12],[13,10],[2,9],[0,11],[8,12],[14,8],[13,11],[5,14],[14,9],[2,10],[3,13],[11,13],[4,6],[6,13],[6,14],[12,11],[14,10],[2,11],[4,7],[1,9],[13,12],[14,11],[14,12],[1,10],[3,14],[2,12],[0,12],[2,13],[12,12],[1,11],[13,13],[2,14],[11,14],[8,13],[1,12],[13,14],[12,13],[14,13],[14,14],[9,9],[9,10],[12,14],[1,13],[9,11],[4,8],[4,9],[4,10],[0,13],[4,11],[0,14],[9,12],[8,14],[4,12],[1,14],[9,13],[4,13],[4,14],[9,14]]"
  },
  "average": {
    "avg_cmax": 2058.5,
    "avg_time": 0.11012950000000021
  }
}