{
  "instance": "data/JSPLIB/instances/ta14",
  "instance_name": "ta14",
  "algorithm": "hill",
  "runs": 2,
  "timestamp": "20250824_131431",
  "per_run": [
    {
      "run": 1,
      "cmax": 2480,
      "time": 0.8815905829999977
    },
    {
      "run": 2,
      "cmax": 2109,
      "time": 1.4465074579999992
    }
  ],
  "best": {
    "cmax": 2109,
    "time": 1.4465074579999992,
    "permutation": "[[7,0],[0,0],[11,0],[7,1],[3,0],[2,0],[10,0],[0,1],[4,0],[1,0],[1,1],[6,0],[17,0],[2,1],[16,0],[0,2],[5,0],[15,0],[15,1],[10,1],[6,1],[2,2],[15,2],[5,1],[1,2],[19,0],[11,1],[8,0],[8,1],[19,1],[17,1],[17,2],[13,0],[8,2],[14,0],[3,1],[5,2],[18,0],[1,3],[3,2],[13,1],[0,3],[15,3],[16,1],[0,4],[15,4],[15,5],[13,2],[6,2],[4,1],[6,3],[4,2],[11,2],[16,2],[6,4],[7,2],[5,3],[0,5],[15,6],[15,7],[5,4],[15,8],[14,1],[12,0],[14,2],[19,2],[10,2],[9,0],[14,3],[5,5],[2,3],[2,4],[15,9],[6,5],[2,5],[4,3],[5,6],[2,6],[4,4],[18,1],[4,5],[19,3],[16,3],[3,3],[9,1],[14,4],[8,3],[16,4],[3,4],[15,10],[1,4],[6,6],[17,3],[0,6],[2,7],[6,7],[12,1],[16,5],[18,2],[14,5],[14,6],[6,8],[1,5],[10,3],[10,4],[18,3],[14,7],[5,7],[12,2],[14,8],[0,7],[5,8],[18,4],[0,8],[10,5],[17,4],[8,4],[13,3],[5,9],[1,6],[6,9],[17,5],[8,5],[16,6],[3,5],[16,7],[5,10],[0,9],[9,2],[14,9],[2,8],[3,6],[14,10],[17,6],[7,3],[1,7],[10,6],[18,5],[1,8],[10,7],[4,6],[0,10],[11,3],[15,11],[5,11],[8,6],[1,9],[13,4],[11,4],[6,10],[2,9],[19,4],[10,8],[17,7],[11,5],[4,7],[6,11],[17,8],[10,9],[12,3],[13,5],[17,9],[9,3],[4,8],[2,10],[15,12],[7,4],[16,8],[19,5],[2,11],[15,13],[9,4],[12,4],[13,6],[18,6],[5,12],[10,10],[10,11],[12,5],[17,10],[1,10],[7,5],[12,6],[8,7],[11,6],[0,11],[6,12],[2,12],[9,5],[16,9],[4,9],[6,13],[1,11],[14,11],[16,10],[16,11],[17,11],[0,12],[14,12],[10,12],[12,7],[0,13],[11,7],[19,6],[9,6],[15,14],[4,10],[10,13],[13,7],[7,6],[19,7],[14,13],[10,14],[2,13],[14,14],[12,8],[2,14],[3,7],[16,12],[3,8],[17,12],[8,8],[0,14],[9,7],[13,8],[6,14],[1,12],[7,7],[19,8],[1,13],[18,7],[3,9],[5,13],[9,8],[16,13],[8,9],[12,9],[13,9],[17,13],[19,9],[4,11],[19,10],[11,8],[13,10],[17,14],[7,8],[4,12],[12,10],[4,13],[7,9],[12,11],[8,10],[7,10],[1,14],[13,11],[13,12],[11,9],[11,10],[11,11],[16,14],[4,14],[8,11],[5,14],[12,12],[7,11],[8,12],[19,11],[9,9],[19,12],[8,13],[7,12],[13,13],[18,8],[7,13],[11,12],[9,10],[18,9],[12,13],[11,13],[3,10],[7,14],[11,14],[19,13],[19,14],[13,14],[12,14],[18,10],[9,11],[8,14],[3,11],[18,11],[3,12],[18,12],[18,13],[18,14],[9,12],[3,13],[3,14],[9,13],[9,14]]"
  },
  "average": {
    "avg_cmax": 2294.5,
    "avg_time": 1.1640490204999985
  }
}