{
  "instance": "data/JSPLIB/instances/ta17",
  "instance_name": "ta17",
  "algorithm": "tabu",
  "runs": 2,
  "timestamp": "20250824_131448",
  "per_run": [
    {
      "run": 1,
      "cmax": 2696,
      "time": 0.1998892910000052
    },
    {
      "run": 2,
      "cmax": 2558,
      "time": 0.22006050000000243
    }
  ],
  "best": {
    "cmax": 2558,
    "time": 0.22006050000000243,
    "permutation": "[[14,0],[17,0],[0,0],[8,0],[1,0],[13,0],[18,0],[11,0],[19,0],[5,0],[9,0],[4,0],[1,1],[5,1],[3,0],[9,1],[14,1],[7,0],[4,1],[1,2],[4,2],[11,1],[10,0],[2,0],[18,1],[7,1],[12,0],[18,2],[14,2],[17,1],[12,1],[11,2],[13,1],[13,2],[5,2],[2,1],[2,2],[17,2],[18,3],[8,1],[7,2],[0,1],[18,4],[12,2],[15,0],[10,1],[17,3],[1,3],[4,3],[12,3],[15,1],[18,5],[8,2],[17,4],[19,1],[4,4],[14,3],[13,3],[3,1],[17,5],[11,3],[0,2],[16,0],[11,4],[6,0],[3,2],[9,2],[15,2],[18,6],[2,3],[9,3],[2,4],[14,4],[0,3],[18,7],[14,5],[10,2],[12,4],[2,5],[17,6],[3,3],[7,3],[13,4],[16,1],[17,7],[19,2],[19,3],[3,4],[10,3],[9,4],[15,3],[19,4],[2,6],[17,8],[18,8],[14,6],[10,4],[2,7],[16,2],[11,5],[11,6],[18,9],[2,8],[17,9],[11,7],[8,3],[5,3],[4,5],[7,4],[0,4],[18,10],[5,4],[15,4],[17,10],[12,5],[0,5],[8,4],[1,4],[15,5],[17,11],[7,5],[0,6],[0,7],[13,5],[11,8],[19,5],[0,8],[5,5],[10,5],[0,9],[8,5],[5,6],[0,10],[3,5],[6,1],[10,6],[10,7],[2,9],[3,6],[8,6],[12,6],[3,7],[19,6],[13,6],[5,7],[17,12],[7,6],[2,10],[12,7],[8,7],[1,5],[4,6],[3,8],[15,6],[16,3],[19,7],[1,6],[11,9],[5,8],[1,7],[1,8],[18,11],[7,7],[14,7],[8,8],[13,7],[9,5],[9,6],[3,9],[3,10],[0,11],[10,8],[5,9],[16,4],[17,13],[7,8],[18,12],[6,2],[3,11],[9,7],[1,9],[5,10],[16,5],[4,7],[11,10],[11,11],[19,8],[1,10],[18,13],[8,9],[1,11],[12,8],[6,3],[4,8],[4,9],[13,8],[5,11],[3,12],[9,8],[10,9],[11,12],[16,6],[13,9],[19,9],[11,13],[0,12],[0,13],[13,10],[7,9],[7,10],[16,7],[18,14],[17,14],[13,11],[7,11],[12,9],[1,12],[1,13],[5,12],[7,12],[1,14],[13,12],[0,14],[6,4],[4,10],[10,10],[4,11],[3,13],[4,12],[4,13],[12,10],[15,7],[19,10],[2,11],[14,8],[14,9],[12,11],[8,10],[14,10],[15,8],[12,12],[5,13],[15,9],[2,12],[11,14],[16,8],[7,13],[8,11],[14,11],[10,11],[8,12],[2,13],[7,14],[10,12],[13,13],[19,11],[9,9],[2,14],[4,14],[15,10],[5,14],[13,14],[3,14],[10,13],[14,12],[12,13],[8,13],[12,14],[15,11],[10,14],[6,5],[19,12],[9,10],[8,14],[15,12],[9,11],[14,13],[16,9],[16,10],[6,6],[14,14],[15,13],[9,12],[6,7],[19,13],[9,13],[16,11],[9,14],[6,8],[16,12],[16,13],[16,14],[15,14],[6,9],[19,14],[6,10],[6,11],[6,12],[6,13],[6,14]]"
  },
  "average": {
    "avg_cmax": 2627.0,
    "avg_time": 0.2099748955000038
  }
}