{
  "instance": "data/JSPLIB/instances/ta06",
  "instance_name": "ta06",
  "algorithm": "sa",
  "runs": 2,
  "timestamp": "20250824_131400",
  "per_run": [
    {
      "run": 1,
      "cmax": 2038,
      "time": 0.08142829200000179
    },
    {
      "run": 2,
      "cmax": 1906,
      "time": 0.14813674999999904
    }
  ],
  "best": {
    "cmax": 1906,
    "time": 0.14813674999999904,
    "permutation": "[[5,0],[6,0],[1,0],[9,0],[9,1],[7,0],[1,1],[11,0],[9,2],[6,1],[14,0],[12,0],[4,0],[10,0],[7,1],[6,2],[8,0],[5,1],[9,3],[0,0],[0,1],[1,2],[2,0],[12,1],[9,4],[11,1],[5,2],[2,1],[6,3],[2,2],[8,1],[7,2],[7,3],[4,1],[3,0],[14,1],[5,3],[9,5],[9,6],[11,2],[4,2],[12,2],[6,4],[4,3],[7,4],[3,1],[3,2],[1,3],[9,7],[12,3],[11,3],[1,4],[8,2],[2,3],[3,3],[4,4],[14,2],[5,4],[1,5],[7,5],[4,5],[3,4],[8,3],[14,3],[3,5],[7,6],[0,2],[9,8],[5,5],[9,9],[10,1],[7,7],[6,5],[8,4],[5,6],[10,2],[3,6],[6,6],[7,8],[1,6],[12,4],[2,4],[1,7],[10,3],[9,10],[10,4],[0,3],[13,0],[12,5],[8,5],[14,4],[11,4],[11,5],[8,6],[11,6],[8,7],[7,9],[6,7],[14,5],[12,6],[5,7],[13,1],[11,7],[2,5],[9,11],[2,6],[13,2],[5,8],[10,5],[14,6],[2,7],[12,7],[0,4],[3,7],[6,8],[11,8],[11,9],[3,8],[12,8],[3,9],[1,8],[6,9],[3,10],[11,10],[4,6],[7,10],[11,11],[2,8],[14,7],[5,9],[11,12],[3,11],[9,12],[2,9],[5,10],[10,6],[1,9],[9,13],[13,3],[12,9],[5,11],[11,13],[0,5],[3,12],[6,10],[6,11],[8,8],[4,7],[5,12],[7,11],[6,12],[2,10],[8,9],[4,8],[7,12],[14,8],[0,6],[1,10],[10,7],[2,11],[0,7],[2,12],[5,13],[5,14],[14,9],[9,14],[1,11],[2,13],[1,12],[1,13],[11,14],[13,4],[10,8],[3,13],[0,8],[12,10],[6,13],[1,14],[13,5],[8,10],[12,11],[2,14],[7,13],[3,14],[13,6],[8,11],[12,12],[4,9],[14,10],[0,9],[0,10],[8,12],[13,7],[10,9],[13,8],[13,9],[12,13],[7,14],[13,10],[8,13],[13,11],[14,11],[4,10],[0,11],[10,10],[12,14],[10,11],[14,12],[10,12],[14,13],[0,12],[10,13],[8,14],[6,14],[4,11],[0,13],[14,14],[0,14],[10,14],[13,12],[13,13],[13,14],[4,12],[4,13],[4,14]]"
  },
  "average": {
    "avg_cmax": 1972.0,
    "avg_time": 0.11478252100000041
  }
}