{
  "instance": "data/JSPLIB/instances/ta12",
  "instance_name": "ta12",
  "algorithm": "hill",
  "runs": 2,
  "timestamp": "20250824_131423",
  "per_run": [
    {
      "run": 1,
      "cmax": 2114,
      "time": 1.5482056250000014
    },
    {
      "run": 2,
      "cmax": 2171,
      "time": 2.0386688330000027
    }
  ],
  "best": {
    "cmax": 2114,
    "time": 1.5482056250000014,
    "permutation": "[[16,0],[15,0],[19,0],[18,0],[14,0],[8,0],[11,0],[18,1],[6,0],[8,1],[7,0],[0,0],[3,0],[13,0],[8,2],[8,3],[11,1],[12,0],[4,0],[9,0],[2,0],[11,2],[10,0],[14,1],[7,1],[12,1],[15,1],[19,1],[17,0],[17,1],[6,1],[15,2],[11,3],[13,1],[16,1],[10,1],[13,2],[15,3],[3,1],[6,2],[10,2],[5,0],[5,1],[15,4],[10,3],[15,5],[0,1],[9,1],[19,2],[16,2],[7,2],[17,2],[2,1],[11,4],[18,2],[6,3],[0,2],[2,2],[17,3],[11,5],[8,4],[3,2],[19,3],[10,4],[11,6],[18,3],[8,5],[14,2],[1,0],[5,2],[13,3],[11,7],[15,6],[18,4],[11,8],[9,2],[17,4],[15,7],[8,6],[17,5],[7,3],[13,4],[12,2],[0,3],[5,3],[4,1],[12,3],[10,5],[6,4],[14,3],[9,3],[18,5],[3,3],[2,3],[11,9],[9,4],[17,6],[14,4],[7,4],[16,3],[19,4],[17,7],[11,10],[17,8],[5,4],[1,1],[13,5],[8,7],[13,6],[8,8],[18,6],[11,11],[13,7],[6,5],[3,4],[13,8],[9,5],[4,2],[11,12],[11,13],[18,7],[0,4],[2,4],[18,8],[3,5],[5,5],[18,9],[7,5],[3,6],[9,6],[8,9],[4,3],[13,9],[4,4],[6,6],[2,5],[9,7],[3,7],[3,8],[13,10],[5,6],[18,10],[6,7],[11,14],[9,8],[1,2],[14,5],[4,5],[18,11],[16,4],[4,6],[14,6],[16,5],[8,10],[4,7],[16,6],[10,6],[13,11],[9,9],[13,12],[7,6],[15,8],[3,9],[12,4],[10,7],[4,8],[19,5],[7,7],[5,7],[15,9],[13,13],[12,5],[4,9],[8,11],[18,12],[9,10],[12,6],[19,6],[14,7],[12,7],[7,8],[18,13],[10,8],[1,3],[9,11],[16,7],[7,9],[14,8],[7,10],[4,10],[5,8],[19,7],[0,5],[5,9],[1,4],[15,10],[8,12],[1,5],[4,11],[3,10],[4,12],[15,11],[19,8],[13,14],[6,8],[2,6],[19,9],[18,14],[5,10],[19,10],[14,9],[16,8],[14,10],[15,12],[7,11],[4,13],[8,13],[7,12],[1,6],[4,14],[16,9],[7,13],[9,12],[15,13],[1,7],[7,14],[0,6],[16,10],[1,8],[17,9],[5,11],[2,7],[15,14],[6,9],[2,8],[6,10],[17,10],[2,9],[17,11],[3,11],[19,11],[9,13],[16,11],[12,8],[10,9],[10,10],[14,11],[2,10],[6,11],[5,12],[12,9],[0,7],[6,12],[5,13],[5,14],[12,10],[9,14],[17,12],[10,11],[2,11],[2,12],[17,13],[3,12],[0,8],[10,12],[16,12],[1,9],[0,9],[19,12],[1,10],[0,10],[16,13],[8,14],[19,13],[10,13],[6,13],[0,11],[1,11],[19,14],[14,12],[0,12],[17,14],[6,14],[0,13],[1,12],[0,14],[2,13],[14,13],[3,13],[10,14],[12,11],[16,14],[3,14],[2,14],[1,13],[14,14],[1,14],[12,12],[12,13],[12,14]]"
  },
  "average": {
    "avg_cmax": 2142.5,
    "avg_time": 1.793437229000002
  }
}