{
  "instance": "data/JSPLIB/instances/ta19",
  "instance_name": "ta19",
  "algorithm": "sa",
  "runs": 2,
  "timestamp": "20250824_131459",
  "per_run": [
    {
      "run": 1,
      "cmax": 2302,
      "time": 0.10964745799999775
    },
    {
      "run": 2,
      "cmax": 2973,
      "time": 0.10987333299999591
    }
  ],
  "best": {
    "cmax": 2302,
    "time": 0.10964745799999775,
    "permutation": "[[14,0],[4,0],[1,0],[12,0],[7,0],[12,1],[10,0],[17,0],[7,1],[3,0],[1,1],[8,0],[13,0],[5,0],[5,1],[5,2],[0,0],[9,0],[5,3],[12,2],[14,1],[1,2],[1,3],[14,2],[15,0],[9,1],[8,1],[8,2],[1,4],[14,3],[7,2],[3,1],[5,4],[19,0],[13,1],[12,3],[0,1],[17,1],[11,0],[15,1],[4,1],[17,2],[15,2],[15,3],[8,3],[3,2],[5,5],[3,3],[4,2],[6,0],[17,3],[13,2],[18,0],[16,0],[5,6],[16,1],[11,1],[11,2],[4,3],[18,1],[19,1],[15,4],[18,2],[10,1],[16,2],[8,4],[12,4],[14,4],[18,3],[11,3],[9,2],[19,2],[13,3],[19,3],[17,4],[8,5],[4,4],[0,2],[14,5],[10,2],[10,3],[16,3],[17,5],[2,0],[18,4],[14,6],[13,4],[18,5],[0,3],[16,4],[10,4],[9,3],[5,7],[10,5],[14,7],[15,5],[3,4],[2,1],[19,4],[6,1],[5,8],[14,8],[16,5],[11,4],[6,2],[1,5],[6,3],[11,5],[8,6],[5,9],[5,10],[5,11],[1,6],[1,7],[11,6],[6,4],[15,6],[1,8],[8,7],[19,5],[3,5],[10,6],[16,6],[1,9],[12,5],[1,10],[19,6],[16,7],[15,7],[4,5],[5,12],[18,6],[3,6],[0,4],[0,5],[11,7],[16,8],[18,7],[2,2],[0,6],[15,8],[10,7],[8,8],[14,9],[8,9],[17,6],[1,11],[0,7],[8,10],[17,7],[8,11],[6,5],[5,13],[15,9],[1,12],[13,5],[14,10],[6,6],[7,3],[8,12],[15,10],[12,6],[9,4],[4,6],[7,4],[11,8],[3,7],[6,7],[2,3],[13,6],[11,9],[15,11],[0,8],[16,9],[13,7],[16,10],[2,4],[5,14],[15,12],[17,8],[16,11],[12,7],[17,9],[6,8],[14,11],[15,13],[8,13],[11,10],[6,9],[7,5],[2,5],[10,8],[2,6],[13,8],[19,7],[9,5],[14,12],[1,13],[12,8],[13,9],[0,9],[18,8],[10,9],[4,7],[18,9],[13,10],[16,12],[11,11],[14,13],[19,8],[3,8],[2,7],[17,10],[19,9],[9,6],[18,10],[3,9],[19,10],[12,9],[13,11],[4,8],[13,12],[0,10],[16,13],[7,6],[12,10],[13,13],[12,11],[17,11],[10,10],[3,10],[4,9],[12,12],[7,7],[0,11],[16,14],[1,14],[9,7],[18,11],[10,11],[17,12],[11,12],[4,10],[18,12],[2,8],[6,10],[12,13],[3,11],[12,14],[6,11],[13,14],[9,8],[0,12],[2,9],[3,12],[11,13],[11,14],[14,14],[3,13],[0,13],[17,13],[6,12],[17,14],[19,11],[19,12],[6,13],[18,13],[3,14],[15,14],[4,11],[9,9],[4,12],[10,12],[7,8],[4,13],[9,10],[0,14],[4,14],[2,10],[10,13],[10,14],[9,11],[19,13],[6,14],[19,14],[9,12],[18,14],[7,9],[2,11],[9,13],[9,14],[2,12],[2,13],[2,14],[7,10],[7,11],[8,14],[7,12],[7,13],[7,14]]"
  },
  "average": {
    "avg_cmax": 2637.5,
    "avg_time": 0.10976039549999683
  }
}