{
  "instance": "data/JSPLIB/instances/ta11",
  "instance_name": "ta11",
  "algorithm": "hill",
  "runs": 2,
  "timestamp": "20250824_131418",
  "per_run": [
    {
      "run": 1,
      "cmax": 2194,
      "time": 2.236604458000002
    },
    {
      "run": 2,
      "cmax": 2038,
      "time": 1.8230897080000048
    }
  ],
  "best": {
    "cmax": 2038,
    "time": 1.8230897080000048,
    "permutation": "[[11,0],[17,0],[19,0],[3,0],[18,0],[12,0],[2,0],[3,1],[9,0],[1,0],[13,0],[10,0],[8,0],[9,1],[0,0],[5,0],[1,1],[4,0],[0,1],[16,0],[6,0],[5,1],[12,1],[4,1],[14,0],[11,1],[12,2],[18,1],[11,2],[0,2],[8,1],[7,0],[5,2],[2,1],[3,2],[11,3],[8,2],[9,2],[14,1],[12,3],[2,2],[11,4],[15,0],[18,2],[15,1],[5,3],[3,3],[18,3],[3,4],[12,4],[8,3],[1,2],[5,4],[16,1],[17,1],[10,1],[19,1],[4,2],[5,5],[0,3],[10,2],[7,1],[17,2],[1,3],[7,2],[8,4],[8,5],[8,6],[13,1],[4,3],[17,3],[18,4],[5,6],[7,3],[13,2],[12,5],[8,7],[11,5],[7,4],[5,7],[9,3],[4,4],[1,4],[12,6],[11,6],[15,2],[13,3],[10,3],[17,4],[1,5],[18,5],[10,4],[9,4],[16,2],[16,3],[15,3],[0,4],[13,4],[2,3],[8,8],[1,6],[9,5],[15,4],[1,7],[17,5],[2,4],[15,5],[7,5],[4,5],[19,2],[11,7],[12,7],[14,2],[15,6],[13,5],[19,3],[12,8],[9,6],[7,6],[10,5],[12,9],[5,8],[2,5],[15,7],[3,5],[15,8],[9,7],[15,9],[19,4],[4,6],[13,6],[4,7],[7,7],[5,9],[15,10],[0,5],[0,6],[9,8],[10,6],[13,7],[5,10],[10,7],[10,8],[12,10],[11,8],[14,3],[9,9],[8,9],[18,6],[15,11],[14,4],[11,9],[17,6],[7,8],[14,5],[17,7],[11,10],[11,11],[11,12],[11,13],[8,10],[19,5],[3,6],[9,10],[5,11],[4,8],[17,8],[2,6],[13,8],[9,11],[15,12],[2,7],[16,4],[10,9],[14,6],[2,8],[9,12],[18,7],[12,11],[4,9],[9,13],[6,1],[17,9],[15,13],[2,9],[2,10],[14,7],[15,14],[16,5],[19,6],[6,2],[7,9],[0,7],[17,10],[4,10],[12,12],[2,11],[3,7],[4,11],[19,7],[6,3],[17,11],[18,8],[13,9],[12,13],[19,8],[14,8],[10,10],[19,9],[0,8],[19,10],[1,8],[10,11],[16,6],[2,12],[3,8],[10,12],[3,9],[1,9],[0,9],[18,9],[10,13],[13,10],[16,7],[0,10],[10,14],[17,12],[12,14],[2,13],[17,13],[16,8],[14,9],[19,11],[19,12],[5,12],[17,14],[0,11],[4,12],[18,10],[4,13],[4,14],[14,10],[6,4],[5,13],[11,14],[14,11],[6,5],[1,10],[0,12],[5,14],[8,11],[13,11],[1,11],[7,10],[19,13],[18,11],[8,12],[6,6],[9,14],[7,11],[13,12],[0,13],[3,10],[16,9],[6,7],[0,14],[19,14],[1,12],[7,12],[1,13],[18,12],[14,12],[18,13],[6,8],[14,13],[18,14],[2,14],[7,13],[14,14],[16,10],[8,13],[7,14],[3,11],[1,14],[16,11],[6,9],[16,12],[3,12],[16,13],[16,14],[3,13],[13,13],[8,14],[3,14],[13,14],[6,10],[6,11],[6,12],[6,13],[6,14]]"
  },
  "average": {
    "avg_cmax": 2116.0,
    "avg_time": 2.0298470830000035
  }
}