{
  "instance": "data/JSPLIB/instances/ta17",
  "instance_name": "ta17",
  "algorithm": "sa",
  "runs": 2,
  "timestamp": "20250824_131448",
  "per_run": [
    {
      "run": 1,
      "cmax": 2685,
      "time": 0.30524812499999143
    },
    {
      "run": 2,
      "cmax": 3073,
      "time": 0.11128233300000545
    }
  ],
  "best": {
    "cmax": 2685,
    "time": 0.30524812499999143,
    "permutation": "[[18,0],[12,0],[8,0],[16,0],[10,0],[0,0],[8,1],[12,1],[18,1],[3,0],[12,2],[11,0],[8,2],[17,0],[17,1],[18,2],[15,0],[17,2],[0,1],[4,0],[11,1],[13,0],[18,3],[12,3],[12,4],[13,1],[2,0],[0,2],[10,1],[9,0],[5,0],[10,2],[13,2],[17,3],[2,1],[9,1],[0,3],[1,0],[14,0],[17,4],[19,0],[16,1],[8,3],[11,2],[11,3],[19,1],[17,5],[2,2],[6,0],[4,1],[5,1],[15,1],[16,2],[14,1],[7,0],[14,2],[15,2],[5,2],[14,3],[14,4],[17,6],[0,4],[3,1],[16,3],[12,5],[19,2],[15,3],[12,6],[18,4],[8,4],[18,5],[3,2],[16,4],[17,7],[14,5],[7,1],[16,5],[5,3],[17,8],[15,4],[17,9],[2,3],[5,4],[9,2],[2,4],[12,7],[14,6],[1,1],[15,5],[8,5],[0,5],[5,5],[8,6],[8,7],[15,6],[3,3],[9,3],[9,4],[4,2],[17,10],[14,7],[14,8],[5,6],[19,3],[14,9],[11,4],[12,8],[9,5],[17,11],[12,9],[5,7],[3,4],[18,6],[15,7],[3,5],[7,2],[4,3],[17,12],[18,7],[13,3],[2,5],[18,8],[4,4],[9,6],[8,8],[1,2],[3,6],[13,4],[16,6],[16,7],[19,4],[2,6],[9,7],[3,7],[16,8],[5,8],[7,3],[18,9],[9,8],[1,3],[0,6],[3,8],[19,5],[8,9],[5,9],[2,7],[12,10],[4,5],[14,10],[6,1],[2,8],[2,9],[0,7],[18,10],[1,4],[18,11],[16,9],[8,10],[18,12],[3,9],[14,11],[11,5],[19,6],[4,6],[12,11],[12,12],[11,6],[7,4],[16,10],[8,11],[3,10],[13,5],[10,3],[1,5],[18,13],[2,10],[12,13],[16,11],[14,12],[6,2],[19,7],[14,13],[11,7],[17,13],[4,7],[2,11],[1,6],[3,11],[18,14],[3,12],[3,13],[9,9],[13,6],[10,4],[7,5],[2,12],[8,12],[8,13],[14,14],[12,14],[16,12],[19,8],[16,13],[0,8],[13,7],[5,10],[11,8],[15,8],[8,14],[10,5],[15,9],[13,8],[6,3],[11,9],[0,9],[15,10],[9,10],[1,7],[13,9],[6,4],[9,11],[0,10],[10,6],[7,6],[4,8],[0,11],[5,11],[6,5],[5,12],[13,10],[19,9],[2,13],[9,12],[13,11],[0,12],[7,7],[7,8],[10,7],[4,9],[10,8],[6,6],[16,14],[4,10],[4,11],[9,13],[1,8],[15,11],[7,9],[15,12],[1,9],[13,12],[10,9],[11,10],[13,13],[10,10],[19,10],[6,7],[15,13],[10,11],[19,11],[5,13],[5,14],[10,12],[7,10],[10,13],[6,8],[13,14],[4,12],[17,14],[4,13],[1,10],[2,14],[9,14],[7,11],[10,14],[15,14],[19,12],[7,12],[7,13],[7,14],[19,13],[1,11],[11,11],[6,9],[0,13],[19,14],[11,12],[6,10],[1,12],[6,11],[11,13],[1,13],[4,14],[1,14],[0,14],[6,12],[6,13],[11,14],[3,14],[6,14]]"
  },
  "average": {
    "avg_cmax": 2879.0,
    "avg_time": 0.20826522899999844
  }
}