{
  "instance": "data/JSPLIB/instances/ta12",
  "instance_name": "ta12",
  "algorithm": "sa",
  "runs": 2,
  "timestamp": "20250824_131425",
  "per_run": [
    {
      "run": 1,
      "cmax": 2375,
      "time": 0.10684325000000428
    },
    {
      "run": 2,
      "cmax": 2697,
      "time": 0.24742833399999853
    }
  ],
  "best": {
    "cmax": 2375,
    "time": 0.10684325000000428,
    "permutation": "[[4,0],[6,0],[6,1],[7,0],[0,0],[3,0],[18,0],[6,2],[15,0],[0,1],[1,0],[17,0],[1,1],[13,0],[2,0],[0,2],[19,0],[4,1],[2,1],[1,2],[6,3],[16,0],[16,1],[5,0],[3,1],[9,0],[14,0],[5,1],[3,2],[3,3],[5,2],[4,2],[14,1],[17,1],[1,3],[17,2],[10,0],[16,2],[4,3],[5,3],[9,1],[2,2],[7,1],[8,0],[9,2],[6,4],[16,3],[2,3],[1,4],[15,1],[8,1],[1,5],[13,1],[9,3],[11,0],[7,2],[3,4],[9,4],[1,6],[19,1],[8,2],[8,3],[10,1],[18,1],[11,1],[7,3],[19,2],[10,2],[9,5],[7,4],[0,3],[7,5],[12,0],[8,4],[12,1],[7,6],[18,2],[1,7],[17,3],[15,2],[5,4],[3,5],[9,6],[10,3],[5,5],[16,4],[17,4],[5,6],[18,3],[8,5],[1,8],[10,4],[0,4],[0,5],[10,5],[13,2],[13,3],[16,5],[2,4],[5,7],[10,6],[1,9],[19,3],[2,5],[3,6],[11,2],[17,5],[14,2],[16,6],[17,6],[4,4],[3,7],[18,4],[17,7],[16,7],[13,4],[1,10],[11,3],[9,7],[10,7],[16,8],[15,3],[18,5],[14,3],[15,4],[17,8],[8,6],[6,5],[10,8],[13,5],[15,5],[16,9],[0,6],[9,8],[19,4],[7,7],[12,2],[18,6],[5,8],[1,11],[19,5],[16,10],[14,4],[13,6],[13,7],[10,9],[18,7],[19,6],[16,11],[8,7],[15,6],[13,8],[19,7],[8,8],[9,9],[14,5],[13,9],[6,6],[4,5],[3,8],[9,10],[17,9],[4,6],[14,6],[9,11],[4,7],[19,8],[11,4],[8,9],[14,7],[2,6],[19,9],[5,9],[6,7],[13,10],[2,7],[5,10],[16,12],[4,8],[1,12],[3,9],[8,10],[11,5],[11,6],[11,7],[9,12],[9,13],[15,7],[9,14],[14,8],[14,9],[7,8],[11,8],[0,7],[0,8],[14,10],[2,8],[19,10],[0,9],[1,13],[13,11],[17,10],[3,10],[17,11],[7,9],[14,11],[3,11],[15,8],[5,11],[8,11],[0,10],[2,9],[17,12],[4,9],[15,9],[12,3],[18,8],[16,13],[2,10],[8,12],[17,13],[13,12],[19,11],[8,13],[14,12],[1,14],[11,9],[0,11],[15,10],[3,12],[5,12],[17,14],[10,10],[15,11],[8,14],[3,13],[4,10],[10,11],[11,10],[12,4],[7,10],[5,13],[13,13],[7,11],[15,12],[3,14],[5,14],[12,5],[18,9],[14,13],[2,11],[6,8],[10,12],[11,11],[4,11],[0,12],[15,13],[12,6],[19,12],[6,9],[15,14],[11,12],[2,12],[7,12],[12,7],[11,13],[2,13],[18,10],[6,10],[12,8],[12,9],[4,12],[12,10],[18,11],[10,13],[18,12],[18,13],[6,11],[10,14],[7,13],[6,12],[0,13],[6,13],[18,14],[19,13],[19,14],[14,14],[2,14],[13,14],[6,14],[12,11],[12,12],[11,14],[12,13],[0,14],[4,13],[16,14],[7,14],[4,14],[12,14]]"
  },
  "average": {
    "avg_cmax": 2536.0,
    "avg_time": 0.1771357920000014
  }
}