{
  "instance": "data/JSPLIB/instances/ta20",
  "instance_name": "ta20",
  "algorithm": "hill",
  "runs": 2,
  "timestamp": "20250824_131503",
  "per_run": [
    {
      "run": 1,
      "cmax": 2320,
      "time": 2.9357613750000127
    },
    {
      "run": 2,
      "cmax": 2253,
      "time": 0.9071406659999894
    }
  ],
  "best": {
    "cmax": 2253,
    "time": 0.9071406659999894,
    "permutation": "[[19,0],[1,0],[17,0],[19,1],[14,0],[6,0],[11,0],[7,0],[15,0],[18,0],[3,0],[11,1],[13,0],[19,2],[9,0],[12,0],[0,0],[7,1],[9,1],[6,1],[17,1],[19,3],[15,1],[6,2],[2,0],[13,1],[5,0],[9,2],[13,2],[19,4],[16,0],[1,1],[8,0],[13,3],[16,1],[10,0],[11,2],[9,3],[19,5],[14,1],[18,1],[19,6],[19,7],[15,2],[1,2],[8,1],[6,3],[15,3],[7,2],[14,2],[18,2],[16,2],[16,3],[8,2],[19,8],[11,3],[8,3],[12,1],[7,3],[1,3],[7,4],[9,4],[18,3],[2,1],[1,4],[16,4],[17,2],[5,1],[1,5],[13,4],[13,5],[16,5],[7,5],[3,1],[6,4],[18,4],[17,3],[12,2],[6,5],[6,6],[7,6],[8,4],[9,5],[2,2],[14,3],[3,2],[13,6],[11,4],[19,9],[18,5],[4,0],[6,7],[0,1],[5,2],[9,6],[4,1],[7,7],[19,10],[6,8],[19,11],[1,6],[13,7],[13,8],[12,3],[13,9],[3,3],[7,8],[15,4],[4,2],[16,6],[19,12],[16,7],[14,4],[18,6],[17,4],[6,9],[5,3],[8,5],[14,5],[6,10],[6,11],[8,6],[12,4],[16,8],[5,4],[6,12],[3,4],[12,5],[9,7],[15,5],[11,5],[4,3],[16,9],[13,10],[1,7],[9,8],[16,10],[12,6],[18,7],[19,13],[1,8],[17,5],[14,6],[18,8],[11,6],[12,7],[16,11],[7,9],[0,2],[19,14],[9,9],[18,9],[18,10],[3,5],[0,3],[3,6],[5,5],[17,6],[0,4],[14,7],[8,7],[11,7],[14,8],[5,6],[10,1],[12,8],[5,7],[14,9],[13,11],[14,10],[16,12],[3,7],[2,3],[12,9],[8,8],[5,8],[15,6],[2,4],[11,8],[4,4],[4,5],[17,7],[6,13],[0,5],[0,6],[17,8],[3,8],[1,9],[12,10],[2,5],[11,9],[1,10],[10,2],[15,7],[6,14],[14,11],[0,7],[12,11],[16,13],[13,12],[16,14],[9,10],[5,9],[1,11],[10,3],[17,9],[14,12],[7,10],[14,13],[10,4],[7,11],[5,10],[8,9],[2,6],[4,6],[3,9],[4,7],[18,11],[9,11],[2,7],[3,10],[18,12],[5,11],[9,12],[14,14],[12,12],[2,8],[18,13],[3,11],[8,10],[5,12],[5,13],[17,10],[17,11],[15,8],[7,12],[2,9],[4,8],[13,13],[4,9],[12,13],[17,12],[18,14],[9,13],[13,14],[1,12],[9,14],[15,9],[5,14],[7,13],[15,10],[11,10],[8,11],[3,12],[4,10],[0,8],[1,13],[17,13],[8,12],[11,11],[15,11],[11,12],[15,12],[0,9],[11,13],[8,13],[11,14],[7,14],[17,14],[2,10],[0,10],[15,13],[1,14],[3,13],[10,5],[4,11],[2,11],[8,14],[10,6],[2,12],[10,7],[4,12],[2,13],[10,8],[0,11],[2,14],[4,13],[12,14],[3,14],[10,9],[4,14],[0,12],[0,13],[0,14],[10,10],[10,11],[15,14],[10,12],[10,13],[10,14]]"
  },
  "average": {
    "avg_cmax": 2286.5,
    "avg_time": 1.921451020500001
  }
}