{
  "instance": "data/JSPLIB/instances/ta19",
  "instance_name": "ta19",
  "algorithm": "hill",
  "runs": 2,
  "timestamp": "20250824_131457",
  "per_run": [
    {
      "run": 1,
      "cmax": 2505,
      "time": 0.9869546660000026
    },
    {
      "run": 2,
      "cmax": 2603,
      "time": 0.9139537920000009
    }
  ],
  "best": {
    "cmax": 2505,
    "time": 0.9869546660000026,
    "permutation": "[[17,0],[1,0],[6,0],[19,0],[8,0],[4,0],[4,1],[16,0],[11,0],[18,0],[19,1],[19,2],[0,0],[7,0],[7,1],[7,2],[14,0],[0,1],[8,1],[8,2],[9,0],[12,0],[12,1],[15,0],[15,1],[11,1],[10,0],[0,2],[0,3],[9,1],[8,3],[5,0],[19,3],[10,1],[14,1],[11,2],[17,1],[15,2],[0,4],[13,0],[18,1],[17,2],[11,3],[3,0],[9,2],[14,2],[17,3],[13,1],[17,4],[11,4],[14,3],[15,3],[12,2],[9,3],[13,2],[16,1],[14,4],[16,2],[14,5],[13,3],[18,2],[3,1],[15,4],[4,2],[19,4],[9,4],[15,5],[3,2],[1,1],[14,6],[19,5],[12,3],[12,4],[19,6],[0,5],[3,3],[19,7],[17,5],[12,5],[12,6],[5,1],[17,6],[18,3],[9,5],[13,4],[18,4],[18,5],[3,4],[16,3],[7,3],[19,8],[4,3],[15,6],[10,2],[12,7],[1,2],[1,3],[12,8],[11,5],[9,6],[0,6],[7,4],[4,4],[4,5],[0,7],[19,9],[17,7],[8,4],[11,6],[3,5],[17,8],[11,7],[5,2],[3,6],[13,5],[0,8],[6,1],[18,6],[8,5],[11,8],[17,9],[17,10],[12,9],[1,4],[4,6],[12,10],[11,9],[9,7],[16,4],[4,7],[0,9],[11,10],[19,10],[7,5],[9,8],[9,9],[11,11],[9,10],[14,7],[2,0],[19,11],[15,7],[14,8],[9,11],[6,2],[3,7],[4,8],[17,11],[14,9],[14,10],[5,3],[8,6],[9,12],[0,10],[17,12],[9,13],[5,4],[6,3],[9,14],[8,7],[4,9],[19,12],[17,13],[8,8],[4,10],[0,11],[18,7],[8,9],[7,6],[0,12],[18,8],[18,9],[8,10],[18,10],[1,5],[16,5],[6,4],[2,1],[1,6],[14,11],[16,6],[3,8],[19,13],[8,11],[14,12],[13,6],[17,14],[12,11],[18,11],[0,13],[10,3],[2,2],[4,11],[11,12],[3,9],[4,12],[18,12],[7,7],[13,7],[10,4],[1,7],[6,5],[12,12],[18,13],[7,8],[15,8],[6,6],[6,7],[6,8],[1,8],[7,9],[10,5],[10,6],[1,9],[13,8],[5,5],[16,7],[5,6],[0,14],[1,10],[7,10],[11,13],[8,12],[6,9],[4,13],[3,10],[19,14],[16,8],[13,9],[11,14],[16,9],[18,14],[5,7],[15,9],[5,8],[15,10],[12,13],[3,11],[13,10],[8,13],[4,14],[15,11],[1,11],[2,3],[14,13],[5,9],[15,12],[14,14],[15,13],[16,10],[12,14],[8,14],[16,11],[2,4],[1,12],[6,10],[7,11],[2,5],[13,11],[13,12],[13,13],[15,14],[7,12],[6,11],[10,7],[3,12],[7,13],[6,12],[7,14],[2,6],[3,13],[6,13],[10,8],[13,14],[2,7],[1,13],[3,14],[2,8],[16,12],[1,14],[5,10],[10,9],[6,14],[16,13],[2,9],[5,11],[5,12],[5,13],[10,10],[2,10],[2,11],[10,11],[16,14],[5,14],[10,12],[10,13],[2,12],[2,13],[2,14],[10,14]]"
  },
  "average": {
    "avg_cmax": 2554.0,
    "avg_time": 0.9504542290000018
  }
}