{
  "instance": "data/JSPLIB/instances/ta06",
  "instance_name": "ta06",
  "algorithm": "tabu",
  "runs": 2,
  "timestamp": "20250824_131359",
  "per_run": [
    {
      "run": 1,
      "cmax": 2029,
      "time": 0.23186525000000202
    },
    {
      "run": 2,
      "cmax": 2098,
      "time": 0.1693098329999998
    }
  ],
  "best": {
    "cmax": 2029,
    "time": 0.23186525000000202,
    "permutation": "[[3,0],[8,0],[2,0],[7,0],[9,0],[14,0],[9,1],[14,1],[12,0],[12,1],[7,1],[5,0],[9,2],[10,0],[11,0],[3,1],[3,2],[0,0],[5,1],[8,1],[4,0],[13,0],[2,1],[14,2],[3,3],[2,2],[12,2],[1,0],[5,2],[6,0],[14,3],[5,3],[10,1],[9,3],[0,1],[0,2],[14,4],[7,2],[13,1],[1,1],[14,5],[6,1],[10,2],[6,2],[7,3],[4,1],[4,2],[11,1],[7,4],[3,4],[2,3],[2,4],[14,6],[5,4],[10,3],[9,4],[9,5],[5,5],[4,3],[7,5],[10,4],[1,2],[2,5],[7,6],[5,6],[4,4],[5,7],[7,7],[14,7],[9,6],[4,5],[0,3],[11,2],[7,8],[8,2],[3,5],[10,5],[2,6],[13,2],[0,4],[5,8],[6,3],[10,6],[8,3],[10,7],[11,3],[3,6],[2,7],[12,3],[10,8],[10,9],[5,9],[7,9],[3,7],[10,10],[12,4],[9,7],[13,3],[2,8],[5,10],[4,6],[8,4],[12,5],[7,10],[5,11],[1,3],[14,8],[6,4],[14,9],[6,5],[9,8],[1,4],[9,9],[10,11],[6,6],[14,10],[14,11],[9,10],[9,11],[8,5],[3,8],[6,7],[13,4],[0,5],[3,9],[3,10],[2,9],[0,6],[13,5],[7,11],[4,7],[0,7],[5,12],[5,13],[3,11],[4,8],[9,12],[4,9],[2,10],[2,11],[10,12],[4,10],[0,8],[3,12],[4,11],[1,5],[12,6],[7,12],[14,12],[3,13],[4,12],[10,13],[6,8],[9,13],[6,9],[10,14],[0,9],[8,6],[1,6],[0,10],[0,11],[14,13],[8,7],[13,6],[8,8],[8,9],[13,7],[9,14],[6,10],[1,7],[7,13],[5,14],[8,10],[3,14],[12,7],[11,4],[4,13],[14,14],[2,12],[13,8],[1,8],[4,14],[13,9],[1,9],[2,13],[0,12],[7,14],[1,10],[13,10],[11,5],[8,11],[13,11],[1,11],[6,11],[11,6],[0,13],[0,14],[2,14],[11,7],[8,12],[13,12],[11,8],[12,8],[6,12],[13,13],[1,12],[1,13],[12,9],[1,14],[6,13],[11,9],[12,10],[8,13],[12,11],[12,12],[6,14],[8,14],[12,13],[12,14],[13,14],[11,10],[11,11],[11,12],[11,13],[11,14]]"
  },
  "average": {
    "avg_cmax": 2063.5,
    "avg_time": 0.2005875415000009
  }
}