{
  "instance": "data/JSPLIB/instances/ta80",
  "instance_name": "ta80",
  "algorithm": "tabu",
  "runs": 3,
  "timestamp": "20250824_132808",
  "per_run": [
    {
      "run": 1,
      "cmax": 9652,
      "time": 1.0198876250000097
    },
    {
      "run": 2,
      "cmax": 9241,
      "time": 1.342701875000003
    },
    {
      "run": 3,
      "cmax": 9422,
      "time": 1.262478458000004
    }
  ],
  "best": {
    "cmax": 9241,
    "time": 1.342701875000003,
    "permutation": "[[63,0],[47,0],[91,0],[83,0],[39,0],[1,0],[61,0],[73,0],[73,1],[61,1],[98,0],[87,0],[85,0],[32,0],[86,0],[9,0],[87,1],[14,0],[13,0],[25,0],[52,0],[63,1],[80,0],[18,0],[54,0],[10,0],[32,1],[69,0],[76,0],[53,0],[75,0],[5,0],[68,0],[83,1],[12,0],[42,0],[21,0],[4,0],[80,1],[30,0],[22,0],[65,0],[76,1],[90,0],[43,0],[51,0],[36,0],[97,0],[39,1],[94,0],[33,0],[97,1],[60,0],[51,1],[92,0],[45,0],[48,0],[26,0],[16,0],[53,1],[36,1],[11,0],[82,0],[43,1],[79,0],[61,2],[6,0],[7,0],[52,1],[76,2],[25,1],[66,0],[57,0],[77,0],[45,1],[56,0],[10,1],[25,2],[79,1],[2,0],[45,2],[82,1],[10,2],[52,2],[14,1],[87,2],[29,0],[90,1],[24,0],[44,0],[78,0],[70,0],[95,0],[22,1],[64,0],[23,0],[53,2],[72,0],[62,0],[86,1],[61,3],[13,1],[0,0],[70,1],[65,1],[6,1],[5,1],[58,0],[27,0],[21,1],[21,2],[85,1],[99,0],[28,0],[44,1],[71,0],[24,1],[44,2],[49,0],[16,1],[2,1],[32,2],[19,0],[8,0],[7,1],[25,3],[76,3],[66,1],[80,2],[8,1],[52,3],[43,2],[33,1],[98,1],[76,4],[82,2],[75,1],[68,1],[4,1],[61,4],[62,1],[65,2],[99,1],[43,3],[88,0],[29,1],[63,2],[98,2],[30,1],[42,1],[33,2],[81,0],[17,0],[27,1],[36,2],[14,2],[24,2],[62,2],[61,5],[26,1],[66,2],[77,1],[74,0],[17,1],[71,1],[47,1],[98,3],[82,3],[54,1],[13,2],[51,2],[0,1],[75,2],[14,3],[79,2],[43,4],[68,2],[96,0],[58,1],[26,2],[9,1],[36,3],[62,3],[88,1],[90,2],[14,4],[72,1],[15,0],[8,2],[23,1],[69,1],[44,3],[93,0],[97,2],[54,2],[45,3],[27,2],[50,0],[55,0],[94,1],[75,3],[60,1],[19,1],[82,4],[30,2],[6,2],[27,3],[87,3],[89,0],[55,1],[91,1],[79,3],[76,5],[0,2],[26,3],[69,2],[83,2],[35,0],[60,2],[62,4],[27,4],[75,4],[56,1],[1,1],[48,1],[86,2],[82,5],[17,2],[41,0],[33,3],[16,2],[70,2],[14,5],[94,2],[28,1],[44,4],[5,2],[73,2],[62,5],[9,2],[89,1],[13,3],[60,3],[63,3],[25,4],[7,2],[30,3],[73,3],[45,4],[28,2],[21,3],[45,5],[18,1],[60,4],[36,4],[49,1],[0,3],[69,3],[77,2],[89,2],[42,2],[16,3],[55,2],[10,3],[68,3],[84,0],[87,4],[51,3],[29,2],[30,4],[24,3],[58,2],[52,4],[48,2],[99,2],[18,2],[99,3],[52,5],[66,3],[46,0],[90,3],[82,6],[44,5],[80,3],[12,1],[81,1],[15,1],[84,1],[92,1],[94,3],[47,2],[56,2],[63,4],[69,4],[50,1],[23,2],[41,1],[98,4],[45,6],[30,5],[87,5],[86,3],[99,4],[88,2],[31,0],[98,5],[53,3],[62,6],[1,2],[35,1],[21,4],[90,4],[20,0],[81,2],[89,3],[87,6],[22,2],[81,3],[91,2],[6,3],[66,4],[97,3],[62,7],[41,2],[82,7],[75,5],[69,5],[65,3],[52,6],[90,5],[58,3],[45,7],[47,3],[61,6],[3,0],[12,2],[27,5],[7,3],[93,1],[25,5],[50,2],[13,4],[57,1],[24,4],[32,3],[54,3],[94,4],[3,1],[74,1],[79,4],[91,3],[0,4],[51,4],[63,5],[68,4],[81,4],[23,3],[88,3],[95,1],[25,6],[20,1],[39,2],[29,3],[45,8],[32,4],[54,4],[15,2],[59,0],[39,3],[49,2],[96,1],[85,2],[12,3],[85,3],[99,5],[95,2],[84,2],[64,1],[9,3],[17,3],[34,0],[0,5],[38,0],[21,5],[84,3],[84,4],[89,4],[98,6],[9,4],[26,4],[89,5],[88,4],[61,7],[63,6],[21,6],[44,6],[54,5],[86,4],[56,3],[21,7],[97,4],[32,5],[89,6],[70,3],[18,3],[77,3],[17,4],[65,4],[22,3],[47,4],[66,5],[82,8],[44,7],[86,5],[11,1],[85,4],[84,5],[62,8],[47,5],[74,2],[63,7],[19,2],[97,5],[49,3],[10,4],[88,5],[16,4],[99,6],[36,5],[93,2],[92,2],[59,1],[49,4],[69,6],[48,3],[49,5],[1,3],[39,4],[72,2],[40,0],[97,6],[92,3],[65,5],[6,4],[4,2],[46,1],[14,6],[26,5],[63,8],[59,2],[51,5],[74,3],[0,6],[32,6],[4,3],[91,4],[37,0],[75,6],[74,4],[26,6],[20,2],[71,2],[79,5],[95,3],[22,4],[39,5],[20,3],[91,5],[55,3],[73,4],[8,3],[20,4],[80,4],[17,5],[27,6],[64,2],[7,4],[3,2],[76,6],[77,4],[10,5],[41,3],[7,5],[23,4],[78,1],[17,6],[51,6],[99,7],[94,5],[53,4],[21,8],[15,3],[54,6],[10,6],[35,2],[86,6],[26,7],[29,4],[86,7],[38,1],[86,8],[65,6],[89,7],[46,2],[48,4],[32,7],[72,3],[1,4],[63,9],[14,7],[2,2],[25,7],[80,5],[34,1],[30,6],[3,3],[51,7],[68,5],[87,7],[69,7],[41,4],[21,9],[93,3],[74,5],[88,6],[18,4],[35,3],[76,7],[74,6],[71,3],[46,3],[16,5],[92,4],[76,8],[12,4],[8,4],[48,5],[50,3],[62,9],[75,7],[17,7],[59,3],[15,4],[39,6],[44,8],[89,8],[8,5],[12,5],[3,4],[14,8],[23,5],[79,6],[50,4],[69,8],[0,7],[80,6],[66,6],[25,8],[33,4],[18,5],[35,4],[98,7],[73,5],[67,0],[36,6],[9,5],[80,7],[12,6],[42,3],[32,8],[38,2],[71,4],[30,7],[30,8],[94,6],[2,3],[83,3],[86,9],[0,8],[38,3],[61,8],[62,10],[37,1],[5,3],[36,7],[98,8],[11,2],[0,9],[51,8],[63,10],[88,7],[79,7],[7,6],[54,7],[79,8],[71,5],[43,5],[92,5],[31,1],[22,5],[57,2],[91,6],[56,4],[73,6],[83,4],[64,3],[82,9],[31,2],[18,6],[75,8],[24,5],[58,4],[2,4],[30,9],[0,10],[30,10],[55,4],[22,6],[84,6],[10,7],[70,4],[66,7],[39,7],[61,9],[79,9],[86,10],[89,9],[95,4],[2,5],[41,5],[23,6],[78,2],[16,6],[19,3],[79,10],[44,9],[60,5],[73,7],[35,5],[62,11],[27,7],[81,5],[81,6],[25,9],[67,1],[42,4],[53,5],[94,7],[21,10],[82,10],[26,8],[79,11],[26,9],[86,11],[21,11],[92,6],[34,2],[41,6],[25,10],[88,8],[48,6],[48,7],[26,10],[49,6],[60,6],[22,7],[23,7],[15,5],[15,6],[63,11],[46,4],[7,7],[75,9],[64,4],[26,11],[5,4],[99,8],[86,12],[62,12],[43,6],[70,5],[31,3],[29,5],[90,6],[14,9],[64,5],[33,5],[37,2],[46,5],[55,5],[37,3],[98,9],[54,8],[5,5],[41,7],[74,7],[2,6],[72,4],[41,8],[17,8],[95,5],[90,7],[19,4],[45,9],[27,8],[64,6],[83,5],[62,13],[83,6],[5,6],[50,5],[30,11],[81,7],[4,4],[77,5],[27,9],[96,2],[68,6],[3,5],[65,7],[79,12],[40,1],[62,14],[41,9],[88,9],[49,7],[61,10],[4,5],[21,12],[23,8],[85,5],[31,4],[6,5],[24,6],[76,9],[92,7],[39,8],[45,10],[75,10],[52,7],[33,6],[24,7],[3,6],[83,7],[34,3],[49,8],[2,7],[59,4],[87,8],[97,7],[70,6],[75,11],[88,10],[30,12],[78,3],[33,7],[99,9],[23,9],[40,2],[70,7],[13,5],[89,10],[16,7],[5,7],[66,8],[16,8],[83,8],[12,7],[27,10],[42,5],[76,10],[15,7],[24,8],[57,3],[14,10],[0,11],[64,7],[63,12],[6,6],[96,3],[72,5],[65,8],[98,10],[41,10],[93,4],[50,6],[47,6],[55,6],[67,2],[52,8],[37,4],[30,13],[37,5],[90,8],[68,7],[6,7],[68,8],[90,9],[78,4],[87,9],[87,10],[84,7],[68,9],[30,14],[97,8],[2,8],[98,11],[11,3],[2,9],[46,6],[14,11],[5,8],[10,8],[40,3],[11,4],[82,11],[12,8],[6,8],[50,7],[10,9],[96,4],[1,5],[0,12],[66,9],[15,8],[74,8],[1,6],[52,9],[53,6],[6,9],[36,8],[74,9],[14,12],[98,12],[95,6],[74,10],[15,9],[27,11],[17,9],[84,8],[9,6],[40,4],[95,7],[82,12],[91,7],[92,8],[37,6],[82,13],[12,9],[46,7],[38,4],[30,15],[61,11],[15,10],[44,10],[58,5],[24,9],[10,10],[20,5],[90,10],[17,10],[4,6],[9,7],[34,4],[84,9],[21,13],[22,8],[17,11],[45,11],[86,13],[10,11],[81,8],[39,9],[94,8],[51,9],[68,10],[64,8],[41,11],[69,9],[84,10],[88,11],[3,7],[18,7],[76,11],[63,13],[99,10],[69,10],[44,11],[59,5],[36,9],[82,14],[62,15],[99,11],[11,5],[46,8],[77,6],[17,12],[99,12],[99,13],[20,6],[13,6],[59,6],[19,5],[54,9],[39,10],[87,11],[62,16],[51,10],[37,7],[18,8],[93,5],[13,7],[5,9],[60,7],[11,6],[95,8],[51,11],[42,6],[5,10],[15,11],[40,5],[31,5],[47,7],[67,3],[51,12],[61,12],[6,10],[6,11],[62,17],[2,10],[94,9],[85,6],[72,6],[89,11],[88,12],[34,5],[14,13],[87,12],[71,6],[41,12],[52,10],[44,12],[63,14],[4,7],[10,12],[71,7],[50,8],[48,8],[47,8],[0,13],[51,13],[60,8],[81,9],[93,6],[26,12],[55,7],[72,7],[3,8],[43,7],[33,8],[40,6],[84,11],[30,16],[9,8],[75,12],[15,12],[49,9],[37,8],[30,17],[85,7],[21,14],[91,8],[93,7],[10,13],[73,8],[68,11],[80,8],[80,9],[49,10],[30,18],[46,9],[70,8],[97,9],[42,7],[95,9],[48,9],[18,9],[79,13],[23,10],[38,5],[21,15],[1,7],[57,4],[71,8],[68,12],[18,10],[98,13],[14,14],[42,8],[19,6],[29,6],[91,9],[97,10],[30,19],[56,5],[29,7],[96,5],[7,8],[23,11],[50,9],[20,7],[1,8],[8,6],[18,11],[71,9],[83,9],[33,9],[43,8],[0,14],[65,9],[12,10],[54,10],[63,15],[14,15],[71,10],[85,8],[45,12],[73,9],[16,9],[6,12],[86,14],[78,5],[18,12],[42,9],[16,10],[81,10],[64,9],[93,8],[33,10],[19,7],[37,9],[42,10],[68,13],[27,12],[55,8],[19,8],[29,8],[95,10],[1,9],[93,9],[8,7],[15,13],[45,13],[98,14],[39,11],[49,11],[64,10],[64,11],[40,7],[98,15],[27,13],[5,11],[60,9],[58,6],[48,10],[49,12],