{
  "instance": "data/JSPLIB/instances/ta03",
  "instance_name": "ta03",
  "algorithm": "sa",
  "runs": 2,
  "timestamp": "20250824_131350",
  "per_run": [
    {
      "run": 1,
      "cmax": 2090,
      "time": 0.11299216699999981
    },
    {
      "run": 2,
      "cmax": 2133,
      "time": 0.08469100000000118
    }
  ],
  "best": {
    "cmax": 2090,
    "time": 0.11299216699999981,
    "permutation": "[[13,0],[8,0],[2,0],[10,0],[3,0],[2,1],[11,0],[7,0],[5,0],[11,1],[8,1],[9,0],[9,1],[9,2],[5,1],[6,0],[8,2],[4,0],[14,0],[5,2],[11,2],[9,3],[7,1],[6,1],[6,2],[6,3],[10,1],[5,3],[11,3],[3,1],[9,4],[7,2],[12,0],[12,1],[1,0],[4,1],[13,1],[8,3],[7,3],[0,0],[12,2],[8,4],[13,2],[2,2],[3,2],[11,4],[2,3],[3,3],[2,4],[4,2],[9,5],[9,6],[11,5],[11,6],[9,7],[12,3],[12,4],[12,5],[8,5],[5,4],[13,3],[4,3],[10,2],[1,1],[5,5],[14,1],[4,4],[2,5],[5,6],[13,4],[6,4],[14,2],[5,7],[2,6],[9,8],[7,4],[2,7],[10,3],[13,5],[3,4],[9,9],[11,7],[4,5],[8,6],[4,6],[12,6],[4,7],[4,8],[4,9],[4,10],[7,5],[4,11],[8,7],[9,10],[2,8],[12,7],[1,2],[7,6],[1,3],[9,11],[7,7],[6,5],[3,5],[0,1],[2,9],[0,2],[11,8],[12,8],[4,12],[10,4],[7,8],[5,8],[3,6],[13,6],[9,12],[1,4],[9,13],[3,7],[13,7],[12,9],[1,5],[7,9],[14,3],[6,6],[0,3],[11,9],[12,10],[1,6],[11,10],[4,13],[2,10],[14,4],[14,5],[10,5],[5,9],[1,7],[7,10],[0,4],[2,11],[10,6],[13,8],[9,14],[10,7],[10,8],[10,9],[14,6],[1,8],[6,7],[11,11],[6,8],[1,9],[0,5],[7,11],[0,6],[5,10],[5,11],[14,7],[11,12],[6,9],[13,9],[1,10],[8,8],[6,10],[14,8],[6,11],[4,14],[13,10],[6,12],[11,13],[12,11],[10,10],[0,7],[0,8],[1,11],[14,9],[8,9],[0,9],[12,12],[0,10],[2,12],[14,10],[5,12],[6,13],[12,13],[1,12],[0,11],[1,13],[13,11],[14,11],[8,10],[0,12],[6,14],[8,11],[13,12],[7,12],[7,13],[8,12],[8,13],[10,11],[5,13],[3,8],[5,14],[13,13],[7,14],[10,12],[10,13],[2,13],[8,14],[0,13],[14,12],[11,14],[1,14],[3,9],[13,14],[14,13],[14,14],[3,10],[12,14],[3,11],[10,14],[2,14],[0,14],[3,12],[3,13],[3,14]]"
  },
  "average": {
    "avg_cmax": 2111.5,
    "avg_time": 0.0988415835000005
  }
}