{
  "instance": "data/JSPLIB/instances/ta80",
  "instance_name": "ta80",
  "algorithm": "hill",
  "timestamp_start": "20250824_132653",
  "runs_completed": 3,
  "planned_runs": 3,
  "per_run": [
    {
      "run": 1,
      "cmax": 8051,
      "time": 38.690055208000004
    },
    {
      "run": 2,
      "cmax": 8879,
      "time": 15.174161750000003
    },
    {
      "run": 3,
      "cmax": 8880,
      "time": 16.18055337500001
    }
  ],
  "best": {
    "cmax": 8051,
    "time": 38.690055208000004,
    "permutation": "[[16,0],[84,0],[60,0],[70,0],[21,0],[33,0],[77,0],[54,0],[27,0],[69,0],[96,0],[93,0],[88,0],[25,0],[91,0],[39,0],[51,0],[85,0],[83,0],[47,0],[56,0],[66,0],[57,0],[15,0],[31,0],[28,0],[8,0],[43,0],[84,1],[75,0],[70,1],[29,0],[75,1],[28,1],[0,0],[9,0],[90,0],[80,0],[7,0],[15,1],[29,1],[8,1],[87,0],[42,0],[9,1],[65,0],[30,0],[35,0],[85,1],[62,0],[27,1],[69,1],[16,1],[92,0],[73,0],[22,0],[60,1],[31,1],[60,2],[52,0],[24,0],[12,0],[12,1],[55,0],[45,0],[54,1],[52,1],[59,0],[93,1],[6,0],[86,0],[83,1],[82,0],[12,2],[21,1],[51,1],[93,2],[43,1],[13,0],[31,2],[24,1],[24,2],[68,0],[57,1],[17,0],[54,2],[23,0],[35,1],[59,1],[31,3],[9,2],[56,1],[70,2],[12,3],[6,1],[83,2],[69,2],[11,0],[96,1],[30,1],[7,1],[52,2],[62,1],[61,0],[27,2],[1,0],[51,2],[7,2],[21,2],[48,0],[0,1],[49,0],[33,1],[58,0],[36,0],[54,3],[89,0],[93,3],[71,0],[84,2],[91,1],[62,2],[19,0],[10,0],[37,0],[27,3],[7,3],[74,0],[94,0],[69,3],[7,4],[67,0],[74,1],[40,0],[7,5],[6,2],[95,0],[61,1],[64,0],[67,1],[20,0],[7,6],[65,1],[23,1],[8,2],[76,0],[8,3],[86,1],[30,2],[51,3],[72,0],[31,4],[74,2],[76,1],[5,0],[79,0],[10,1],[53,0],[84,3],[74,3],[72,1],[66,1],[40,1],[33,2],[26,0],[85,2],[91,2],[40,2],[30,3],[33,3],[50,0],[16,2],[85,3],[82,1],[38,0],[58,1],[40,3],[9,3],[1,1],[58,2],[79,1],[12,4],[9,4],[68,1],[27,4],[64,1],[33,4],[16,3],[44,0],[8,4],[31,5],[47,1],[36,1],[20,1],[56,2],[69,4],[90,1],[38,1],[78,0],[83,3],[67,2],[1,2],[85,4],[70,3],[38,2],[84,4],[13,1],[17,1],[33,5],[14,0],[13,2],[95,1],[70,4],[19,1],[34,0],[36,2],[77,1],[26,1],[91,3],[43,2],[26,2],[4,0],[81,0],[33,6],[64,2],[62,3],[32,0],[6,3],[11,1],[81,1],[54,4],[35,2],[5,1],[0,2],[42,1],[98,0],[16,4],[81,2],[33,7],[20,2],[94,1],[56,3],[70,5],[90,2],[72,2],[54,5],[71,1],[1,3],[35,3],[9,5],[88,1],[19,2],[69,5],[4,1],[47,2],[70,6],[18,0],[55,1],[16,5],[5,2],[39,1],[46,0],[5,3],[45,1],[26,3],[87,1],[31,6],[85,5],[13,3],[45,2],[99,0],[71,2],[52,3],[79,2],[95,2],[19,3],[30,4],[20,3],[73,1],[52,4],[3,0],[22,1],[94,2],[42,2],[52,5],[85,6],[94,3],[31,7],[74,4],[34,1],[20,4],[24,3],[13,4],[48,1],[4,2],[60,3],[28,2],[25,1],[58,3],[44,1],[39,2],[29,2],[28,3],[3,1],[84,5],[24,4],[51,4],[42,3],[14,1],[8,5],[98,1],[44,2],[82,2],[65,2],[51,5],[86,2],[68,2],[42,4],[3,2],[14,2],[33,8],[22,2],[74,5],[33,9],[4,3],[13,5],[76,2],[55,2],[44,3],[93,4],[11,2],[40,4],[55,3],[77,2],[65,3],[14,3],[49,1],[73,2],[24,5],[32,1],[5,4],[90,3],[55,4],[0,3],[66,2],[68,3],[87,2],[92,1],[94,4],[94,5],[85,7],[25,2],[46,1],[55,5],[8,6],[85,8],[42,5],[79,3],[40,5],[84,6],[15,2],[89,1],[92,2],[38,3],[64,3],[39,3],[85,9],[52,6],[41,0],[51,6],[89,2],[37,1],[70,7],[96,2],[16,6],[24,6],[53,1],[85,10],[48,2],[86,3],[95,3],[22,3],[78,1],[72,3],[38,4],[51,7],[70,8],[0,4],[38,5],[36,3],[26,4],[55,6],[74,6],[77,3],[83,4],[41,1],[48,3],[59,2],[56,4],[56,5],[86,4],[27,5],[65,4],[60,4],[94,6],[21,3],[84,7],[10,2],[36,4],[65,5],[84,8],[81,3],[79,4],[42,6],[96,3],[30,5],[86,5],[39,4],[28,4],[25,3],[18,1],[3,3],[5,5],[31,8],[60,5],[78,2],[98,2],[9,6],[58,4],[53,2],[80,1],[73,3],[24,7],[91,4],[89,3],[49,2],[63,0],[51,8],[31,9],[18,2],[83,5],[88,2],[0,5],[96,4],[98,3],[13,6],[99,1],[54,6],[28,5],[22,4],[89,4],[66,3],[59,3],[6,4],[71,3],[31,10],[15,3],[58,5],[17,2],[59,4],[85,11],[67,3],[53,3],[71,4],[76,3],[20,5],[96,5],[56,6],[35,4],[78,3],[92,3],[64,4],[54,7],[70,9],[57,2],[40,6],[95,4],[60,6],[57,3],[33,10],[96,6],[31,11],[81,4],[35,5],[2,0],[98,4],[99,2],[66,4],[62,4],[80,2],[30,6],[35,6],[56,7],[9,7],[91,5],[36,5],[6,5],[34,2],[42,7],[40,7],[69,6],[10,3],[17,3],[19,4],[29,3],[49,3],[88,3],[19,5],[90,4],[27,6],[8,7],[52,7],[42,8],[69,7],[59,5],[53,4],[7,7],[26,5],[53,5],[49,4],[98,5],[74,7],[89,5],[2,1],[97,0],[73,4],[61,2],[33,11],[45,3],[38,6],[96,7],[49,5],[53,6],[68,4],[95,5],[94,7],[69,8],[77,4],[28,6],[62,5],[28,7],[34,3],[55,7],[62,6],[3,4],[43,3],[85,12],[86,6],[51,9],[92,4],[21,4],[59,6],[16,7],[79,5],[68,5],[3,5],[50,1],[75,2],[72,4],[84,9],[3,6],[10,4],[82,3],[54,8],[17,4],[59,7],[23,2],[30,7],[0,6],[48,4],[41,2],[27,7],[58,6],[41,3],[43,4],[97,1],[48,5],[35,7],[96,8],[53,7],[32,2],[10,5],[60,7],[2,2],[95,6],[69,9],[6,6],[44,4],[28,8],[83,6],[8,8],[99,3],[83,7],[5,6],[96,9],[3,7],[31,12],[25,4],[79,6],[19,6],[30,8],[16,8],[60,8],[85,13],[14,4],[72,5],[27,8],[59,8],[89,6],[32,3],[98,6],[47,3],[21,5],[77,5],[77,6],[91,6],[14,5],[99,4],[20,6],[39,5],[13,7],[74,8],[3,8],[39,6],[73,5],[86,7],[48,6],[50,2],[91,7],[25,5],[9,8],[75,3],[88,4],[80,3],[31,13],[13,8],[95,7],[89,7],[98,7],[38,7],[87,3],[76,4],[15,4],[72,6],[5,7],[44,5],[68,6],[54,9],[84,10],[47,4],[8,9],[64,5],[82,4],[43,5],[1,4],[53,8],[62,7],[13,9],[55,8],[46,2],[81,5],[58,7],[90,5],[19,7],[55,9],[22,5],[93,5],[66,5],[83,8],[34,4],[78,4],[68,7],[99,5],[61,3],[59,9],[25,6],[93,6],[75,4],[34,5],[41,4],[31,14],[11,3],[35,8],[57,4],[31,15],[96,10],[59,10],[72,7],[78,5],[47,5],[48,7],[43,6],[3,9],[63,1],[41,5],[23,3],[62,8],[27,9],[45,4],[33,12],[43,7],[35,9],[76,5],[2,3],[89,8],[35,10],[71,5],[1,5],[66,6],[24,8],[10,6],[30,9],[92,5],[52,8],[62,9],[71,6],[97,2],[30,10],[88,5],[60,9],[82,5],[91,8],[57,5],[62,10],[2,4],[11,4],[37,2],[28,9],[51,10],[31,16],[39,7],[88,6],[84,11],[74,9],[85,14],[60,10],[70,10],[67,4],[44,6],[54,10],[95,8],[42,9],[45,5],[89,9],[58,8],[34,6],[39,8],[32,4],[29,4],[15,5],[92,6],[24,9],[40,8],[15,6],[95,9],[68,8],[97,3],[88,7],[23,4],[24,10],[27,10],[94,8],[61,4],[35,11],[92,7],[75,5],[88,8],[97,4],[67,5],[76,6],[49,6],[36,6],[12,5],[24,11],[37,3],[29,5],[46,3],[22,6],[38,8],[1,6],[90,6],[68,9],[70,11],[16,9],[35,12],[5,8],[6,7],[70,12],[37,4],[89,10],[81,6],[96,11],[62,11],[13,10],[1,7],[73,6],[36,7],[60,11],[61,5],[56,8],[43,8],[23,5],[6,8],[32,5],[61,6],[14,6],[8,10],[51,11],[62,12],[9,9],[73,7],[80,4],[87,4],[6,9],[19,8],[19,9],[72,8],[38,9],[12,6],[10,7],[31,17],[15,7],[71,7],[97,5],[53,9],[77,7],[76,7],[79,7],[28,10],[99,6],[66,7],[48,8],[57,6],[56,9],[38,10],[75,6],[54,11],[39,9],[72,9],[79,8],[7,8],[78,6],[94,9],[97,6],[26,6],[80,5],[27,11],[33,13],[84,12],[10,8],[20,7],[30,11],[22,7],[70,13],[9,10],[20,8],[0,7],[52,9],[57,7],[76,8],[60,12],[37,5],[4,4],[29,6],[36,8],[90,7],[36,9],[89,11],[58,9],[9,11],[87,5],[29,7],[33,14],[80,6],[84,13],[55,10],[54,12],[14,7],[69,10],[28,11],[82,6],[19,10],[34,7],[18,3],[9,12],[7,9],[21,6],[39,10],[76,9],[95,10],[72,10],[36,10],[56,10],[79,9],[15,8],[59,11],[88,9],[38,11],[89,12],[51,12],[34,8],[64,6],[69,11],[63,2],[56,11],[10,9],[76,10],[5,9],[55,11],[94,10],[41,6],[77,8],[32,6],[3,10],[11,5],[75,7],[29,8],[86,8],[73,8],[75,8],[2,5],[97,7],[86,9],[34,9],[80,7],[5,10],[97,8],[96,12],[22,8],[60,13],[66,8],[83,9],[56,12],[35,13],[23,6],[74,10],[55,12],[81,7],[62,13],[11,6],[60,14],[44,7],[52,10],[22,9],[42,10],[16,10],[41,7],[85,15],[13,11],[20,9],[42,11],[52,11],[88,10],[63,3],[36,11],[84,14],[51,13],[97,9],[70,14],[4,5],[58,10],[11,7],[40,9],[32,7],[41,8],[14,8],[4,6],[98,8],[51,14],[65,6],[0,8],[84,15],[69,12],[59,12],[52,12],[6,10],[24,12],[71,8],[46,4],[96,13],[63,4],[93,7],[56,13],[97,10],[6,11],[26,7],[34,10],[70,15],[16,11],[36,12],[56,14],[89,13],[62,14],[15,9],[3,11],[80,8],[77,9],[30,12],[90,8],[20,10],[39,11],[70,16],[1,8],[70,17],[52,13],[11,8],[28,12],[14,9],[59,13],[15,10],[82,7],[19,11],[63,5],[91,9],[37,6],[65,7],[90,9],[34,11],[53,10],[61,7],[60,15],[31,18],[58,11],[70,18],[18,4],[49,7],[24,13],[76,11],[65,8],[95,11],[17,5],[8,11],[35,14],[98,9],[53,11],[43,9],[64,7],[34,12],[89,14],[36,13],[92,8],[38,12],[75,9],[74,11],[84,16],[62,15],[19,12],[57,8],[68,10],[61,8],[44,8],[42,12],[70,19],[98,10],[69,13],[48,9],[58,12],[41,9],[24,14],[90,