{
  "instance": "data/JSPLIB/instances/ta09",
  "instance_name": "ta09",
  "algorithm": "tabu",
  "runs": 2,
  "timestamp": "20250824_133021",
  "per_run": [
    {
      "run": 1,
      "cmax": 2054,
      "time": 0.20443891700000005
    },
    {
      "run": 2,
      "cmax": 2218,
      "time": 0.19069400000000014
    }
  ],
  "best": {
    "cmax": 2054,
    "time": 0.20443891700000005,
    "permutation": "[[2,0],[2,1],[1,0],[6,0],[8,0],[8,1],[2,2],[2,3],[11,0],[0,0],[10,0],[10,1],[10,2],[1,1],[14,0],[1,2],[6,1],[12,0],[6,2],[8,2],[8,3],[3,0],[11,1],[12,1],[4,0],[13,0],[1,3],[3,1],[13,1],[0,1],[7,0],[3,2],[6,3],[6,4],[6,5],[4,1],[11,2],[10,3],[12,2],[9,0],[3,3],[1,4],[2,4],[3,4],[1,5],[9,1],[12,3],[14,1],[9,2],[5,0],[6,6],[13,2],[0,2],[4,2],[11,3],[6,7],[3,5],[7,1],[2,5],[3,6],[10,4],[9,3],[2,6],[9,4],[12,4],[11,4],[13,3],[3,7],[1,6],[10,5],[5,1],[2,7],[2,8],[14,2],[9,5],[12,5],[14,3],[14,4],[9,6],[3,8],[6,8],[5,2],[7,2],[2,9],[7,3],[12,6],[1,7],[6,9],[8,4],[9,7],[4,3],[14,5],[2,10],[10,6],[13,4],[9,8],[9,9],[3,9],[13,5],[10,7],[14,6],[14,7],[2,11],[14,8],[8,5],[11,5],[11,6],[6,10],[14,9],[4,4],[4,5],[4,6],[10,8],[12,7],[5,3],[12,8],[10,9],[4,7],[6,11],[11,7],[13,6],[8,6],[9,10],[7,4],[13,7],[9,11],[6,12],[8,7],[1,8],[12,9],[14,10],[1,9],[1,10],[0,3],[10,10],[3,10],[8,8],[4,8],[11,8],[4,9],[0,4],[7,5],[12,10],[3,11],[8,9],[5,4],[10,11],[14,11],[5,5],[3,12],[10,12],[13,8],[5,6],[11,9],[5,7],[9,12],[12,11],[2,12],[12,12],[2,13],[0,5],[1,11],[11,10],[11,11],[0,6],[12,13],[6,13],[6,14],[8,10],[10,13],[4,10],[8,11],[0,7],[3,13],[14,12],[1,12],[9,13],[12,14],[14,13],[0,8],[10,14],[5,8],[2,14],[7,6],[14,14],[8,12],[1,13],[13,9],[3,14],[8,13],[11,12],[4,11],[5,9],[0,9],[0,10],[5,10],[4,12],[7,7],[8,14],[7,8],[1,14],[9,14],[11,13],[7,9],[5,11],[5,12],[0,11],[5,13],[13,10],[13,11],[13,12],[7,10],[4,13],[7,11],[13,13],[11,14],[7,12],[13,14],[7,13],[4,14],[5,14],[0,12],[0,13],[7,14],[0,14]]"
  },
  "average": {
    "avg_cmax": 2136.0,
    "avg_time": 0.1975664585000001
  }
}