{
  "instance": "data/JSPLIB/instances/ta80",
  "instance_name": "ta80",
  "algorithm": "sa",
  "runs": 3,
  "timestamp": "20250824_132812",
  "per_run": [
    {
      "run": 1,
      "cmax": 8906,
      "time": 0.9853752909999969
    },
    {
      "run": 2,
      "cmax": 9223,
      "time": 0.7522069589999916
    },
    {
      "run": 3,
      "cmax": 9376,
      "time": 0.8942446249999989
    }
  ],
  "best": {
    "cmax": 8906,
    "time": 0.9853752909999969,
    "permutation": "[[42,0],[78,0],[25,0],[44,0],[91,0],[38,0],[38,1],[59,0],[21,0],[28,0],[9,0],[32,0],[63,0],[94,0],[39,0],[82,0],[57,0],[16,0],[27,0],[2,0],[92,0],[8,0],[34,0],[51,0],[51,1],[42,1],[0,0],[84,0],[45,0],[57,1],[12,0],[97,0],[82,1],[86,0],[29,0],[41,0],[10,0],[3,0],[85,0],[72,0],[50,0],[14,0],[85,1],[76,0],[65,0],[1,0],[14,1],[33,0],[8,1],[23,0],[72,1],[64,0],[91,1],[0,1],[53,0],[90,0],[21,1],[49,0],[62,0],[4,0],[79,0],[45,1],[2,1],[96,0],[54,0],[64,1],[21,2],[30,0],[43,0],[48,0],[83,0],[93,0],[78,1],[41,1],[84,1],[91,2],[37,0],[57,2],[70,0],[80,0],[72,2],[90,1],[16,1],[47,0],[63,1],[95,0],[75,0],[75,1],[15,0],[94,1],[14,2],[12,1],[38,2],[34,1],[26,0],[55,0],[87,0],[86,1],[44,1],[29,1],[21,3],[7,0],[72,3],[81,0],[67,0],[56,0],[8,2],[57,3],[99,0],[30,1],[48,1],[41,2],[97,1],[5,0],[54,1],[25,1],[73,0],[98,0],[76,1],[96,1],[46,0],[64,2],[69,0],[92,1],[51,2],[20,0],[51,3],[94,2],[3,1],[23,1],[63,2],[81,1],[0,2],[77,0],[83,1],[71,0],[50,1],[27,1],[23,2],[16,2],[62,1],[63,3],[9,1],[65,1],[7,1],[99,1],[39,1],[9,2],[72,4],[30,2],[33,1],[54,2],[51,4],[5,1],[49,1],[24,0],[57,4],[86,2],[74,0],[5,2],[38,3],[50,2],[96,2],[10,1],[86,3],[38,4],[20,1],[96,3],[1,1],[4,1],[36,0],[6,0],[77,1],[36,1],[37,1],[74,1],[31,0],[70,1],[1,2],[72,5],[63,4],[26,1],[7,2],[35,0],[46,1],[64,3],[59,1],[30,3],[63,5],[49,2],[24,1],[12,2],[46,2],[76,2],[61,0],[23,3],[78,2],[32,1],[91,3],[67,1],[80,1],[20,2],[19,0],[33,2],[0,3],[81,2],[35,1],[53,1],[32,2],[99,2],[85,2],[16,3],[37,2],[7,3],[69,1],[26,2],[63,6],[2,2],[61,1],[67,2],[84,2],[73,1],[81,3],[72,6],[62,2],[4,2],[1,3],[80,2],[42,2],[8,3],[42,3],[4,3],[32,3],[55,1],[65,2],[3,2],[62,3],[97,2],[95,1],[9,3],[82,2],[3,3],[21,4],[66,0],[44,2],[80,3],[74,2],[26,3],[1,4],[18,0],[78,3],[83,2],[0,4],[77,2],[98,1],[10,2],[21,5],[47,1],[40,0],[28,1],[79,1],[5,3],[39,2],[30,4],[1,5],[51,5],[97,3],[78,4],[11,0],[75,2],[86,4],[7,4],[90,2],[52,0],[74,3],[16,4],[4,4],[37,3],[69,2],[35,2],[7,5],[86,5],[64,4],[66,1],[81,4],[94,3],[80,4],[56,1],[79,2],[55,2],[67,3],[99,3],[30,5],[39,3],[29,2],[77,3],[12,3],[40,1],[92,2],[78,5],[9,4],[24,2],[76,3],[62,4],[27,2],[98,2],[17,0],[32,4],[26,4],[60,0],[97,4],[6,1],[40,2],[22,0],[64,5],[15,1],[74,4],[42,4],[39,4],[31,1],[69,3],[27,3],[18,1],[95,2],[58,0],[90,3],[40,3],[98,3],[65,3],[20,3],[84,3],[79,3],[22,1],[56,2],[33,3],[7,6],[51,6],[80,5],[14,3],[73,2],[62,5],[81,5],[52,1],[45,2],[32,5],[46,3],[15,2],[22,2],[29,3],[73,3],[9,5],[57,5],[36,2],[43,1],[41,3],[16,5],[98,4],[10,3],[68,0],[16,6],[40,4],[41,4],[34,2],[81,6],[14,4],[4,5],[39,5],[20,4],[90,4],[17,1],[38,5],[59,2],[0,5],[33,4],[77,4],[98,5],[37,4],[7,7],[29,4],[42,5],[26,5],[64,6],[25,2],[4,6],[71,1],[81,7],[19,1],[20,5],[30,6],[85,3],[66,2],[46,4],[63,7],[76,4],[59,3],[45,3],[88,0],[62,6],[61,2],[42,6],[75,3],[92,3],[28,2],[43,2],[75,4],[77,5],[93,1],[83,3],[82,3],[21,6],[25,3],[86,6],[85,4],[6,2],[51,7],[41,5],[64,7],[37,5],[36,3],[40,5],[52,2],[76,5],[34,3],[85,5],[60,1],[24,3],[0,6],[10,4],[49,3],[19,2],[88,1],[96,4],[31,2],[25,4],[37,6],[66,3],[1,6],[27,4],[84,4],[55,3],[32,6],[92,4],[5,4],[45,4],[54,3],[86,7],[2,3],[80,6],[99,4],[11,1],[40,6],[73,4],[52,3],[12,4],[29,5],[65,4],[83,4],[39,6],[57,6],[88,2],[30,7],[63,8],[71,2],[35,3],[78,6],[72,7],[56,3],[92,5],[53,2],[5,5],[96,5],[91,4],[27,5],[70,2],[82,4],[58,1],[46,5],[3,4],[78,7],[66,4],[18,2],[56,4],[22,3],[80,7],[30,8],[22,4],[74,5],[48,2],[92,6],[23,4],[43,3],[16,7],[64,8],[80,8],[42,7],[69,4],[78,8],[35,4],[13,0],[27,6],[2,4],[87,1],[17,2],[60,2],[76,6],[35,5],[30,9],[58,2],[11,2],[10,5],[30,10],[32,7],[98,6],[79,4],[32,8],[93,2],[98,7],[82,5],[75,5],[25,5],[31,3],[35,6],[40,7],[92,7],[9,6],[70,3],[33,5],[21,7],[20,6],[60,3],[64,9],[42,8],[1,7],[5,6],[49,4],[34,4],[10,6],[87,2],[39,7],[61,3],[65,5],[88,3],[17,3],[66,5],[72,8],[33,6],[47,2],[99,5],[49,5],[47,3],[80,9],[37,7],[71,3],[21,8],[98,8],[31,4],[74,6],[73,5],[64,10],[22,5],[75,6],[0,7],[66,6],[37,8],[0,8],[5,7],[21,9],[73,6],[46,6],[83,5],[42,9],[49,6],[75,7],[66,7],[38,6],[98,9],[22,6],[96,6],[16,8],[93,3],[80,10],[68,1],[85,6],[86,8],[31,5],[46,7],[74,7],[67,4],[24,4],[63,9],[64,11],[36,4],[57,7],[16,9],[78,9],[64,12],[47,4],[30,11],[84,5],[56,5],[57,8],[34,5],[5,8],[75,8],[42,10],[61,4],[49,7],[36,5],[38,7],[53,3],[62,7],[37,9],[76,7],[22,7],[80,11],[90,5],[93,4],[84,6],[95,3],[86,9],[5,9],[52,4],[4,7],[9,7],[19,3],[68,2],[19,4],[41,6],[61,5],[86,10],[67,5],[99,6],[51,8],[20,7],[49,8],[16,10],[15,3],[66,8],[12,5],[87,3],[55,4],[63,10],[68,3],[73,7],[71,4],[42,11],[74,8],[1,8],[32,9],[2,5],[26,6],[94,4],[9,8],[27,7],[20,8],[67,6],[23,5],[22,8],[22,9],[45,5],[0,9],[0,10],[59,4],[86,11],[49,9],[29,6],[97,5],[67,7],[18,3],[61,6],[93,5],[42,12],[33,7],[86,12],[90,6],[71,5],[55,5],[43,4],[79,5],[38,8],[38,9],[64,13],[50,3],[97,6],[46,8],[75,9],[92,8],[87,4],[0,11],[9,9],[70,4],[41,7],[1,9],[22,10],[38,10],[86,13],[60,4],[13,1],[29,7],[44,3],[58,3],[80,12],[77,6],[43,5],[57,9],[98,10],[25,6],[50,4],[29,8],[74,9],[88,4],[39,8],[3,5],[78,10],[12,6],[30,12],[51,9],[3,6],[47,5],[45,6],[15,4],[38,11],[83,6],[53,4],[64,14],[5,10],[2,6],[93,6],[31,6],[26,7],[91,5],[72,9],[3,7],[22,11],[25,7],[70,5],[94,5],[24,5],[33,8],[92,9],[84,7],[2,7],[88,5],[71,6],[69,5],[44,4],[42,13],[78,11],[93,7],[42,14],[85,7],[96,7],[39,9],[95,4],[36,6],[76,8],[7,8],[48,3],[85,8],[6,3],[36,7],[39,10],[18,4],[13,2],[35,7],[88,6],[77,7],[30,13],[44,5],[54,4],[52,5],[70,6],[86,14],[95,5],[15,5],[30,14],[87,5],[32,10],[51,10],[58,4],[45,7],[55,6],[30,15],[47,6],[14,5],[4,8],[33,9],[14,6],[56,6],[12,7],[17,4],[5,11],[13,3],[36,8],[12,8],[96,8],[15,6],[49,10],[88,7],[24,6],[52,6],[45,8],[26,8],[3,8],[74,10],[18,5],[72,10],[78,12],[36,9],[47,7],[29,9],[36,10],[0,12],[38,12],[8,4],[24,7],[68,4],[42,15],[20,9],[32,11],[90,7],[43,6],[75,10],[98,11],[30,16],[20,10],[72,11],[69,6],[39,11],[29,10],[43,7],[25,8],[65,6],[55,7],[18,6],[90,8],[94,6],[89,0],[46,9],[32,12],[91,6],[53,5],[27,8],[13,4],[5,12],[96,9],[5,13],[27,9],[4,9],[47,8],[85,9],[57,10],[4,10],[62,8],[54,5],[58,5],[32,13],[69,7],[44,6],[64,15],[85,10],[69,8],[38,13],[72,12],[78,13],[49,11],[67,8],[88,8],[4,11],[22,12],[77,8],[83,7],[43,8],[48,4],[20,11],[24,8],[69,9],[77,9],[43,9],[7,9],[80,13],[17,5],[15,7],[99,7],[97,7],[52,7],[58,6],[79,6],[95,6],[23,6],[43,10],[62,9],[57,11],[91,7],[9,10],[22,13],[0,13],[87,6],[17,6],[90,9],[89,1],[32,14],[8,5],[45,9],[67,9],[72,13],[92,10],[83,8],[74,11],[13,5],[9,11],[40,8],[60,5],[99,8],[7,10],[26,9],[48,5],[11,3],[39,12],[23,7],[10,7],[47,9],[53,6],[69,10],[98,12],[39,13],[37,10],[11,4],[40,9],[74,12],[67,10],[24,9],[75,11],[59,5],[37,11],[50,5],[59,6],[89,2],[29,11],[42,16],[40,10],[72,14],[82,6],[86,15],[83,9],[84,8],[53,7],[20,12],[67,11],[2,8],[79,7],[59,7],[64,16],[62,10],[49,12],[52,8],[63,11],[56,7],[23,8],[51,11],[92,11],[54,6],[85,11],[59,8],[95,7],[56,8],[15,8],[71,7],[90,10],[34,6],[47,10],[87,7],[60,6],[12,9],[50,6],[58,7],[96,10],[4,12],[30,17],[83,10],[26,10],[0,14],[69,11],[49,13],[14,7],[1,10],[8,6],[22,14],[7,11],[79,8],[40,11],[86,16],[95,8],[3,9],[84,9],[33,10],[85,12],[97,8],[48,6],[67,12],[70,7],[43,11],[85,13],[70,8],[48,7],[63,12],[90,11],[45,10],[82,7],[29,12],[76,9],[4,13],[40,12],[50,7],[56,9],[46,10],[43,12],[1,11],[20,13],[13,6],[24,10],[21,10],[90,12],[85,14],[3,10],[51,12],[64,17],[80,14],[18,7],[9,12],[94,7],[57,12],[32,15],[24,11],[50,8],[13,7],[44,7],[7,12],[28,3],[4,14],[53,8],[4,15],[75,12],[78,14],[69,12],[59,9],[57,13],[20,14],[20,15],[4,16],[39,14],[80,15],[80,16],[36,11],[23,9],[41,8],[7,13],[41,9],[2,9],[29,13],[36,12],[23,10],[29,14],[1,12],[81,8],[90,