{
  "instance": "data/JSPLIB/instances/ta10",
  "instance_name": "ta10",
  "algorithm": "hill",
  "runs": 2,
  "timestamp": "20250824_131412",
  "per_run": [
    {
      "run": 1,
      "cmax": 1881,
      "time": 1.174483084000002
    },
    {
      "run": 2,
      "cmax": 1981,
      "time": 0.5760819159999997
    }
  ],
  "best": {
    "cmax": 1881,
    "time": 1.174483084000002,
    "permutation": "[[10,0],[8,0],[6,0],[1,0],[12,0],[12,1],[5,0],[5,1],[7,0],[10,1],[14,0],[13,0],[9,0],[14,1],[5,2],[7,1],[11,0],[1,1],[6,1],[7,2],[6,2],[5,3],[10,2],[0,0],[6,3],[8,1],[7,3],[5,4],[4,0],[10,3],[11,1],[14,2],[0,1],[5,5],[2,0],[7,4],[3,0],[2,1],[6,4],[1,2],[2,2],[4,1],[0,2],[6,5],[6,6],[12,2],[3,1],[6,7],[10,4],[8,2],[4,2],[10,5],[12,3],[5,6],[0,3],[2,3],[13,1],[6,8],[5,7],[7,5],[11,2],[7,6],[5,8],[9,1],[8,3],[8,4],[1,3],[3,2],[2,4],[2,5],[11,3],[14,3],[0,4],[4,3],[1,4],[4,4],[1,5],[4,5],[5,9],[3,3],[11,4],[2,6],[2,7],[11,5],[7,7],[7,8],[13,2],[12,4],[10,6],[11,6],[6,9],[1,6],[10,7],[1,7],[11,7],[3,4],[2,8],[5,10],[3,5],[0,5],[10,8],[2,9],[4,6],[6,10],[2,10],[3,6],[12,5],[14,4],[9,2],[10,9],[10,10],[3,7],[3,8],[6,11],[0,6],[10,11],[2,11],[5,11],[9,3],[9,4],[12,6],[8,5],[13,3],[0,7],[12,7],[3,9],[4,7],[9,5],[1,8],[9,6],[3,10],[0,8],[12,8],[8,6],[5,12],[1,9],[13,4],[5,13],[10,12],[0,9],[12,9],[10,13],[10,14],[1,10],[12,10],[8,7],[13,5],[7,9],[7,10],[7,11],[0,10],[11,8],[14,5],[4,8],[1,11],[6,12],[12,11],[2,12],[7,12],[5,14],[13,6],[4,9],[3,11],[9,7],[6,13],[12,12],[12,13],[4,10],[7,13],[9,8],[9,9],[11,9],[6,14],[7,14],[11,10],[14,6],[2,13],[3,12],[11,11],[11,12],[8,8],[9,10],[12,14],[1,12],[0,11],[11,13],[14,7],[3,13],[9,11],[13,7],[2,14],[11,14],[14,8],[4,11],[9,12],[13,8],[0,12],[3,14],[8,9],[13,9],[8,10],[1,13],[13,10],[4,12],[4,13],[1,14],[9,13],[8,11],[0,13],[4,14],[13,11],[9,14],[14,9],[0,14],[14,10],[8,12],[14,11],[13,12],[13,13],[14,12],[14,13],[13,14],[14,14],[8,13],[8,14]]"
  },
  "average": {
    "avg_cmax": 1931.0,
    "avg_time": 0.8752825000000009
  }
}