{
  "instance": "data/JSPLIB/instances/ta18",
  "instance_name": "ta18",
  "algorithm": "hill",
  "runs": 2,
  "timestamp": "20250824_131454",
  "per_run": [
    {
      "run": 1,
      "cmax": 2228,
      "time": 2.498965791999993
    },
    {
      "run": 2,
      "cmax": 2124,
      "time": 2.6531941670000094
    }
  ],
  "best": {
    "cmax": 2124,
    "time": 2.6531941670000094,
    "permutation": "[[7,0],[14,0],[2,0],[10,0],[4,0],[13,0],[14,1],[14,2],[9,0],[0,0],[6,0],[2,1],[0,1],[16,0],[16,1],[12,0],[1,0],[8,0],[5,0],[11,0],[15,0],[8,1],[12,1],[18,0],[10,1],[18,1],[11,1],[7,1],[15,1],[15,2],[4,1],[1,1],[3,0],[13,1],[13,2],[19,0],[0,2],[10,2],[0,3],[1,2],[0,4],[8,2],[14,3],[11,2],[0,5],[18,2],[0,6],[2,2],[3,1],[9,1],[15,3],[3,2],[5,1],[10,3],[12,2],[16,2],[14,4],[2,3],[5,2],[13,3],[18,3],[9,2],[7,2],[7,3],[8,3],[19,1],[8,4],[10,4],[0,7],[1,3],[4,2],[7,4],[3,3],[0,8],[14,5],[7,5],[9,3],[5,3],[18,4],[19,2],[15,4],[7,6],[11,3],[5,4],[2,4],[19,3],[0,9],[5,5],[15,5],[0,10],[8,5],[16,3],[18,5],[11,4],[9,4],[12,3],[19,4],[3,4],[10,5],[13,4],[13,5],[16,4],[17,0],[9,5],[5,6],[14,6],[18,6],[16,5],[4,3],[8,6],[15,6],[5,7],[16,6],[14,7],[7,7],[16,7],[18,7],[1,4],[2,5],[7,8],[5,8],[5,9],[10,6],[9,6],[11,5],[5,10],[4,4],[8,7],[6,1],[6,2],[5,11],[16,8],[9,7],[6,3],[0,11],[12,4],[0,12],[13,6],[6,4],[0,13],[3,5],[18,8],[3,6],[16,9],[5,12],[11,6],[4,5],[13,7],[6,5],[1,5],[14,8],[16,10],[12,5],[9,8],[1,6],[19,5],[8,8],[1,7],[6,6],[7,9],[0,14],[13,8],[7,10],[14,9],[4,6],[4,7],[5,13],[18,9],[11,7],[12,6],[13,9],[7,11],[12,7],[1,8],[14,10],[6,7],[12,8],[17,1],[16,11],[14,11],[17,2],[15,7],[7,12],[6,8],[10,7],[12,9],[6,9],[16,12],[4,8],[6,10],[13,10],[4,9],[11,8],[10,8],[19,6],[14,12],[10,9],[7,13],[8,9],[4,10],[9,9],[12,10],[1,9],[3,7],[4,11],[18,10],[19,7],[9,10],[12,11],[6,11],[15,8],[6,12],[10,10],[13,11],[3,8],[16,13],[6,13],[6,14],[14,13],[7,14],[1,10],[8,10],[8,11],[2,6],[3,9],[8,12],[18,11],[10,11],[2,7],[19,8],[8,13],[19,9],[3,10],[12,12],[10,12],[9,11],[17,3],[4,12],[1,11],[17,4],[2,8],[12,13],[14,14],[4,13],[1,12],[4,14],[15,9],[10,13],[17,5],[13,12],[18,12],[2,9],[11,9],[3,11],[11,10],[3,12],[2,10],[3,13],[9,12],[18,13],[2,11],[19,10],[15,10],[13,13],[15,11],[17,6],[15,12],[18,14],[8,14],[9,13],[12,14],[2,12],[2,13],[3,14],[9,14],[15,13],[11,11],[5,14],[1,13],[13,14],[17,7],[16,14],[1,14],[2,14],[11,12],[17,8],[11,13],[17,9],[15,14],[11,14],[17,10],[19,11],[10,14],[17,11],[17,12],[19,12],[17,13],[19,13],[19,14],[17,14]]"
  },
  "average": {
    "avg_cmax": 2176.0,
    "avg_time": 2.576079979500001
  }
}