{
  "instance": "data/JSPLIB/instances/ta17",
  "instance_name": "ta17",
  "algorithm": "hill",
  "runs": 2,
  "timestamp": "20250824_131447",
  "per_run": [
    {
      "run": 1,
      "cmax": 2480,
      "time": 1.1489834579999965
    },
    {
      "run": 2,
      "cmax": 2128,
      "time": 3.161194832999996
    }
  ],
  "best": {
    "cmax": 2128,
    "time": 3.161194832999996,
    "permutation": "[[15,0],[13,0],[19,0],[16,0],[10,0],[13,1],[5,0],[3,0],[0,0],[16,1],[9,0],[5,1],[9,1],[1,0],[4,0],[7,0],[1,1],[17,0],[10,1],[6,0],[19,1],[13,2],[1,2],[6,1],[9,2],[6,2],[7,1],[17,1],[18,0],[15,1],[9,3],[9,4],[7,2],[14,0],[11,0],[14,1],[7,3],[3,1],[8,0],[13,3],[4,1],[0,1],[1,3],[17,2],[18,1],[13,4],[19,2],[2,0],[8,1],[1,4],[11,1],[10,2],[6,3],[6,4],[11,2],[8,2],[12,0],[9,5],[10,3],[11,3],[17,3],[10,4],[18,2],[3,2],[16,2],[17,4],[10,5],[18,3],[14,2],[19,3],[13,5],[0,2],[6,5],[19,4],[15,2],[18,4],[17,5],[13,6],[4,2],[10,6],[10,7],[2,1],[12,1],[1,5],[10,8],[18,5],[12,2],[14,3],[14,4],[5,2],[0,3],[18,6],[15,3],[3,3],[12,3],[17,6],[12,4],[6,6],[13,7],[13,8],[10,9],[17,7],[1,6],[10,10],[6,7],[15,4],[2,2],[7,4],[12,5],[16,3],[19,5],[11,4],[14,5],[9,6],[16,4],[19,6],[8,3],[8,4],[2,3],[4,3],[13,9],[5,3],[10,11],[0,4],[14,6],[7,5],[13,10],[5,4],[19,7],[17,8],[6,8],[14,7],[1,7],[4,4],[17,9],[0,5],[7,6],[12,6],[0,6],[7,7],[1,8],[15,5],[13,11],[3,4],[4,5],[11,5],[16,5],[3,5],[0,7],[10,12],[15,6],[15,7],[7,8],[19,8],[19,9],[15,8],[6,9],[13,12],[16,6],[10,13],[8,5],[7,9],[15,9],[11,6],[18,7],[16,7],[1,9],[3,6],[16,8],[11,7],[6,10],[19,10],[6,11],[13,13],[15,10],[3,7],[2,4],[18,8],[1,10],[2,5],[1,11],[17,10],[6,12],[2,6],[11,8],[7,10],[16,9],[0,8],[6,13],[15,11],[10,14],[13,14],[11,9],[19,11],[11,10],[1,12],[3,8],[18,9],[6,14],[7,11],[0,9],[0,10],[4,6],[14,8],[1,13],[19,12],[12,7],[9,7],[0,11],[2,7],[15,12],[17,11],[4,7],[4,8],[7,12],[16,10],[18,10],[11,11],[4,9],[19,13],[7,13],[16,11],[19,14],[0,12],[5,5],[0,13],[17,12],[2,8],[11,12],[16,12],[0,14],[3,9],[18,11],[9,8],[9,9],[15,13],[11,13],[14,9],[18,12],[12,8],[14,10],[2,9],[16,13],[5,6],[17,13],[7,14],[12,9],[5,7],[8,6],[4,10],[18,13],[1,14],[4,11],[18,14],[11,14],[9,10],[17,14],[15,14],[14,11],[4,12],[4,13],[3,10],[14,12],[3,11],[5,8],[9,11],[16,14],[5,9],[12,10],[3,12],[2,10],[5,10],[14,13],[12,11],[9,12],[3,13],[2,11],[3,14],[5,11],[5,12],[14,14],[5,13],[2,12],[8,7],[5,14],[12,12],[2,13],[8,8],[8,9],[8,10],[2,14],[9,13],[12,13],[8,11],[9,14],[8,12],[4,14],[8,13],[12,14],[8,14]]"
  },
  "average": {
    "avg_cmax": 2304.0,
    "avg_time": 2.1550891454999963
  }
}