{
  "instance": "data/JSPLIB/instances/ta04",
  "instance_name": "ta04",
  "algorithm": "hill",
  "runs": 2,
  "timestamp": "20250824_131353",
  "per_run": [
    {
      "run": 1,
      "cmax": 2032,
      "time": 0.42139362499999855
    },
    {
      "run": 2,
      "cmax": 1859,
      "time": 1.9483863330000002
    }
  ],
  "best": {
    "cmax": 1859,
    "time": 1.9483863330000002,
    "permutation": "[[10,0],[1,0],[13,0],[12,0],[7,0],[3,0],[6,0],[7,1],[1,1],[1,2],[14,0],[10,1],[13,1],[14,1],[12,1],[1,3],[12,2],[4,0],[2,0],[0,0],[7,2],[10,2],[13,2],[8,0],[9,0],[3,1],[2,1],[6,1],[12,3],[11,0],[7,3],[6,2],[7,4],[0,1],[2,2],[0,2],[11,1],[14,2],[2,3],[14,3],[12,4],[5,0],[1,4],[9,1],[12,5],[3,2],[6,3],[0,3],[12,6],[13,3],[0,4],[12,7],[5,1],[7,5],[10,3],[11,2],[14,4],[3,3],[1,5],[8,1],[9,2],[6,4],[8,2],[6,5],[13,4],[13,5],[12,8],[2,4],[13,6],[3,4],[10,4],[2,5],[12,9],[13,7],[5,2],[2,6],[2,7],[0,5],[13,8],[8,3],[0,6],[0,7],[7,6],[6,6],[1,6],[7,7],[13,9],[3,5],[11,3],[13,10],[8,4],[12,10],[8,5],[13,11],[5,3],[2,8],[5,4],[9,3],[7,8],[8,6],[8,7],[5,5],[0,8],[10,5],[0,9],[3,6],[8,8],[9,4],[3,7],[1,7],[5,6],[11,4],[2,9],[11,5],[9,5],[4,1],[9,6],[10,6],[4,2],[1,8],[10,7],[5,7],[1,9],[5,8],[12,11],[9,7],[3,8],[8,9],[6,7],[11,6],[14,5],[13,12],[10,8],[9,8],[1,10],[11,7],[10,9],[13,13],[10,10],[9,9],[4,3],[0,10],[9,10],[10,11],[13,14],[2,10],[4,4],[9,11],[0,11],[5,9],[14,6],[3,9],[1,11],[5,10],[11,8],[8,10],[2,11],[0,12],[5,11],[8,11],[10,12],[7,9],[2,12],[5,12],[7,10],[3,10],[5,13],[12,12],[11,9],[11,10],[4,5],[8,12],[7,11],[1,12],[4,6],[11,11],[3,11],[7,12],[9,12],[7,13],[1,13],[3,12],[11,12],[5,14],[3,13],[11,13],[0,13],[14,7],[11,14],[0,14],[3,14],[14,8],[2,13],[12,13],[4,7],[9,13],[4,8],[14,9],[8,13],[14,10],[4,9],[6,8],[14,11],[12,14],[8,14],[4,10],[2,14],[9,14],[4,11],[6,9],[4,12],[6,10],[4,13],[6,11],[1,14],[7,14],[6,12],[4,14],[14,12],[6,13],[14,13],[10,13],[14,14],[10,14],[6,14]]"
  },
  "average": {
    "avg_cmax": 1945.5,
    "avg_time": 1.1848899789999994
  }
}