{
  "instance": "data/JSPLIB/instances/ta01",
  "instance_name": "ta01",
  "algorithm": "hill",
  "runs": 2,
  "timestamp": "20250824_131343",
  "per_run": [
    {
      "run": 1,
      "cmax": 2262,
      "time": 0.395824541
    },
    {
      "run": 2,
      "cmax": 2025,
      "time": 0.7743902500000001
    }
  ],
  "best": {
    "cmax": 2025,
    "time": 0.7743902500000001,
    "permutation": "[[1,0],[14,0],[12,0],[9,0],[2,0],[6,0],[2,1],[2,2],[7,0],[13,0],[0,0],[5,0],[1,1],[14,1],[14,2],[8,0],[13,1],[12,1],[7,1],[10,0],[7,2],[5,1],[4,0],[8,1],[12,2],[1,2],[3,0],[1,3],[8,2],[6,1],[6,2],[12,3],[6,3],[11,0],[7,3],[5,2],[4,1],[8,3],[5,3],[8,4],[2,3],[9,1],[13,2],[3,1],[2,4],[10,1],[13,3],[4,2],[11,1],[0,1],[2,5],[13,4],[6,4],[8,5],[7,4],[7,5],[11,2],[12,4],[13,5],[4,3],[10,2],[1,4],[8,6],[14,3],[6,5],[10,3],[5,4],[2,6],[0,2],[5,5],[13,6],[12,5],[10,4],[5,6],[11,3],[6,6],[3,2],[9,2],[8,7],[14,4],[7,6],[14,5],[3,3],[6,7],[5,7],[2,7],[14,6],[11,4],[0,3],[3,4],[5,8],[8,8],[3,5],[0,4],[9,3],[4,4],[5,9],[1,5],[14,7],[5,10],[14,8],[4,5],[8,9],[7,7],[14,9],[9,4],[0,5],[4,6],[0,6],[10,5],[4,7],[10,6],[7,8],[7,9],[12,6],[0,7],[11,5],[11,6],[4,8],[0,8],[10,7],[9,5],[13,7],[0,9],[13,8],[11,7],[14,10],[9,6],[10,8],[7,10],[7,11],[2,8],[5,11],[11,8],[13,9],[10,9],[6,8],[8,10],[12,7],[1,6],[0,10],[7,12],[0,11],[9,7],[14,11],[11,9],[2,9],[11,10],[11,11],[4,9],[2,10],[13,10],[13,11],[2,11],[1,7],[6,9],[13,12],[13,13],[1,8],[0,12],[7,13],[10,10],[11,12],[0,13],[5,12],[5,13],[13,14],[2,12],[8,11],[4,10],[14,12],[3,6],[10,11],[9,8],[11,13],[6,10],[1,9],[6,11],[14,13],[3,7],[10,12],[14,14],[6,12],[9,9],[1,10],[12,8],[7,14],[8,12],[1,11],[4,11],[10,13],[3,8],[11,14],[2,13],[3,9],[9,10],[1,12],[5,14],[4,12],[12,9],[9,11],[3,10],[1,13],[6,13],[6,14],[9,12],[2,14],[4,13],[8,13],[9,13],[12,10],[10,14],[0,14],[1,14],[12,11],[9,14],[3,11],[3,12],[3,13],[4,14],[12,12],[3,14],[8,14],[12,13],[12,14]]"
  },
  "average": {
    "avg_cmax": 2143.5,
    "avg_time": 0.5851073955
  }
}