{
  "instance": "data/JSPLIB/instances/ta07",
  "instance_name": "ta07",
  "algorithm": "hill",
  "runs": 2,
  "timestamp": "20250824_131402",
  "per_run": [
    {
      "run": 1,
      "cmax": 2037,
      "time": 1.0902822080000014
    },
    {
      "run": 2,
      "cmax": 1819,
      "time": 1.074188792000001
    }
  ],
  "best": {
    "cmax": 1819,
    "time": 1.074188792000001,
    "permutation": "[[3,0],[9,0],[3,1],[0,0],[2,0],[12,0],[2,1],[8,0],[3,2],[2,2],[6,0],[0,1],[11,0],[13,0],[1,0],[13,1],[4,0],[8,1],[9,1],[0,2],[0,3],[0,4],[2,3],[11,1],[7,0],[10,0],[7,1],[0,5],[6,1],[6,2],[8,2],[7,2],[14,0],[6,3],[11,2],[10,1],[5,0],[4,1],[5,1],[12,1],[2,4],[11,3],[0,6],[12,2],[5,2],[2,5],[10,2],[9,2],[6,4],[1,1],[6,5],[3,3],[12,3],[2,6],[0,7],[7,3],[0,8],[7,4],[1,2],[5,3],[6,6],[1,3],[0,9],[8,3],[13,2],[11,4],[5,4],[10,3],[8,4],[12,4],[11,5],[10,4],[3,4],[12,5],[12,6],[12,7],[9,3],[7,5],[4,2],[8,5],[5,5],[0,10],[8,6],[5,6],[0,11],[3,5],[12,8],[0,12],[10,5],[4,3],[9,4],[7,6],[10,6],[4,4],[6,7],[2,7],[7,7],[6,8],[11,6],[9,5],[13,3],[4,5],[11,7],[13,4],[2,8],[3,6],[4,6],[9,6],[1,4],[8,7],[7,8],[12,9],[12,10],[4,7],[11,8],[7,9],[14,1],[3,7],[12,11],[14,2],[10,7],[14,3],[12,12],[6,9],[3,8],[3,9],[10,8],[12,13],[8,8],[11,9],[0,13],[6,10],[13,5],[14,4],[4,8],[3,10],[10,9],[13,6],[13,7],[8,9],[2,9],[9,7],[7,10],[1,5],[2,10],[2,11],[4,9],[14,5],[6,11],[9,8],[7,11],[2,12],[5,7],[0,14],[11,10],[4,10],[10,10],[7,12],[8,10],[13,8],[3,11],[9,9],[13,9],[10,11],[7,13],[1,6],[10,12],[12,14],[1,7],[1,8],[5,8],[2,13],[13,10],[10,13],[14,6],[14,7],[4,11],[4,12],[5,9],[1,9],[5,10],[2,14],[6,12],[8,11],[14,8],[3,12],[4,13],[13,11],[11,11],[9,10],[4,14],[1,10],[8,12],[5,11],[6,13],[8,13],[9,11],[5,12],[5,13],[3,13],[10,14],[14,9],[11,12],[13,12],[11,13],[1,11],[6,14],[11,14],[3,14],[5,14],[14,10],[9,12],[1,12],[9,13],[8,14],[13,13],[13,14],[9,14],[14,11],[1,13],[14,12],[1,14],[7,14],[14,13],[14,14]]"
  },
  "average": {
    "avg_cmax": 1928.0,
    "avg_time": 1.0822355000000012
  }
}