{
  "instance": "data/JSPLIB/instances/ta16",
  "instance_name": "ta16",
  "algorithm": "hill",
  "runs": 2,
  "timestamp": "20250824_131441",
  "per_run": [
    {
      "run": 1,
      "cmax": 2697,
      "time": 0.5627713330000006
    },
    {
      "run": 2,
      "cmax": 2287,
      "time": 2.4116133750000017
    }
  ],
  "best": {
    "cmax": 2287,
    "time": 2.4116133750000017,
    "permutation": "[[19,0],[1,0],[0,0],[7,0],[4,0],[13,0],[11,0],[15,0],[19,1],[14,0],[17,0],[4,1],[1,1],[7,1],[2,0],[9,0],[18,0],[18,1],[17,1],[0,1],[4,2],[17,2],[9,1],[8,0],[18,2],[19,2],[14,1],[19,3],[17,3],[16,0],[16,1],[1,2],[1,3],[6,0],[0,2],[16,2],[9,2],[1,4],[13,1],[18,3],[0,3],[8,1],[7,2],[17,4],[12,0],[3,0],[4,3],[16,3],[10,0],[17,5],[15,1],[10,1],[6,1],[5,0],[2,1],[19,4],[9,3],[2,2],[6,2],[7,3],[9,4],[14,2],[17,6],[18,4],[12,1],[4,4],[11,1],[12,2],[15,2],[12,3],[11,2],[13,2],[7,4],[14,3],[19,5],[9,5],[7,5],[13,3],[4,5],[10,2],[11,3],[13,4],[18,5],[0,4],[7,6],[1,5],[13,5],[7,7],[5,1],[11,4],[14,4],[6,3],[8,2],[13,6],[4,6],[2,3],[17,7],[14,5],[16,4],[14,6],[4,7],[12,4],[9,6],[3,1],[0,5],[12,5],[2,4],[8,3],[19,6],[0,6],[3,2],[8,4],[19,7],[12,6],[10,3],[18,6],[9,7],[18,7],[4,8],[4,9],[0,7],[1,6],[4,10],[9,8],[2,5],[0,8],[7,8],[16,5],[13,7],[12,7],[15,3],[19,8],[2,6],[6,4],[13,8],[4,11],[10,4],[8,5],[12,8],[19,9],[18,8],[17,8],[18,9],[8,6],[15,4],[5,2],[6,5],[14,7],[19,10],[4,12],[8,7],[18,10],[1,7],[15,5],[6,6],[17,9],[9,9],[1,8],[3,3],[4,13],[19,11],[17,10],[6,7],[8,8],[11,5],[11,6],[0,9],[17,11],[13,9],[14,8],[14,9],[8,9],[13,10],[16,6],[10,5],[9,10],[2,7],[2,8],[7,9],[6,8],[16,7],[11,7],[7,10],[14,10],[14,11],[13,11],[13,12],[19,12],[14,12],[0,10],[5,3],[0,11],[18,11],[6,9],[13,13],[6,10],[6,11],[7,11],[4,14],[11,8],[14,13],[6,12],[10,6],[11,9],[6,13],[19,13],[12,9],[3,4],[13,14],[9,11],[8,10],[12,10],[9,12],[17,12],[2,9],[0,12],[9,13],[0,13],[9,14],[0,14],[11,10],[2,10],[18,12],[1,9],[14,14],[10,7],[1,10],[5,4],[10,8],[17,13],[2,11],[10,9],[7,12],[19,14],[12,11],[15,6],[8,11],[5,5],[2,12],[2,13],[1,11],[6,14],[15,7],[2,14],[17,14],[3,5],[5,6],[16,8],[7,13],[8,12],[8,13],[3,6],[12,12],[18,13],[10,10],[8,14],[18,14],[7,14],[3,7],[11,11],[11,12],[5,7],[11,13],[1,12],[5,8],[11,14],[16,9],[1,13],[12,13],[3,8],[12,14],[3,9],[3,10],[3,11],[10,11],[5,9],[3,12],[16,10],[3,13],[10,12],[16,11],[3,14],[5,10],[10,13],[16,12],[10,14],[1,14],[15,8],[16,13],[5,11],[15,9],[5,12],[16,14],[5,13],[5,14],[15,10],[15,11],[15,12],[15,13],[15,14]]"
  },
  "average": {
    "avg_cmax": 2492.0,
    "avg_time": 1.4871923540000012
  }
}