{
  "instance": "data/JSPLIB/instances/ta03",
  "instance_name": "ta03",
  "algorithm": "tabu",
  "runs": 2,
  "timestamp": "20250824_131350",
  "per_run": [
    {
      "run": 1,
      "cmax": 1877,
      "time": 0.2265679580000004
    },
    {
      "run": 2,
      "cmax": 1841,
      "time": 0.21736858399999903
    }
  ],
  "best": {
    "cmax": 1841,
    "time": 0.21736858399999903,
    "permutation": "[[3,0],[8,0],[3,1],[7,0],[10,0],[7,1],[1,0],[3,2],[5,0],[5,1],[2,0],[12,0],[7,2],[8,1],[5,2],[14,0],[6,0],[9,0],[5,3],[4,0],[12,1],[8,2],[14,1],[9,1],[14,2],[9,2],[1,1],[2,1],[11,0],[3,3],[10,1],[1,2],[8,3],[6,1],[6,2],[2,2],[3,4],[14,3],[14,4],[13,0],[6,3],[6,4],[11,1],[2,3],[6,5],[13,1],[1,3],[1,4],[2,4],[5,4],[9,3],[4,1],[6,6],[5,5],[13,2],[1,5],[1,6],[14,5],[8,4],[3,5],[14,6],[14,7],[4,2],[10,2],[6,7],[9,4],[7,3],[6,8],[12,2],[10,3],[8,5],[10,4],[7,4],[9,5],[7,5],[11,2],[9,6],[5,6],[2,5],[1,7],[6,9],[1,8],[0,0],[1,9],[0,1],[14,8],[4,3],[10,5],[9,7],[5,7],[4,4],[1,10],[6,10],[7,6],[3,6],[9,8],[13,3],[13,4],[7,7],[10,6],[14,9],[6,11],[14,10],[8,6],[9,9],[6,12],[9,10],[11,3],[13,5],[2,6],[7,8],[12,3],[4,5],[1,11],[8,7],[1,12],[13,6],[13,7],[6,13],[9,11],[7,9],[10,7],[8,8],[6,14],[4,6],[11,4],[5,8],[3,7],[10,8],[5,9],[14,11],[12,4],[13,8],[0,2],[7,10],[10,9],[7,11],[0,3],[5,10],[11,5],[3,8],[3,9],[9,12],[14,12],[5,11],[7,12],[2,7],[11,6],[4,7],[1,13],[1,14],[11,7],[8,9],[7,13],[8,10],[12,5],[14,13],[12,6],[0,4],[11,8],[13,9],[5,12],[11,9],[11,10],[9,13],[12,7],[5,13],[13,10],[11,11],[3,10],[2,8],[7,14],[10,10],[4,8],[0,5],[14,14],[10,11],[8,11],[12,8],[3,11],[0,6],[13,11],[13,12],[13,13],[3,12],[0,7],[9,14],[13,14],[10,12],[10,13],[2,9],[0,8],[4,9],[0,9],[10,14],[3,13],[5,14],[0,10],[0,11],[11,12],[8,12],[11,13],[4,10],[2,10],[0,12],[0,13],[2,11],[11,14],[4,11],[12,9],[4,12],[2,12],[8,13],[2,13],[8,14],[12,10],[0,14],[4,13],[3,14],[12,11],[12,12],[4,14],[2,14],[12,13],[12,14]]"
  },
  "average": {
    "avg_cmax": 1859.0,
    "avg_time": 0.22196827099999972
  }
}