{
  "instance": "data/JSPLIB/instances/ta08",
  "instance_name": "ta08",
  "algorithm": "tabu",
  "runs": 2,
  "timestamp": "20250824_131407",
  "per_run": [
    {
      "run": 1,
      "cmax": 1948,
      "time": 0.16136133299999855
    },
    {
      "run": 2,
      "cmax": 1873,
      "time": 0.249349291999998
    }
  ],
  "best": {
    "cmax": 1873,
    "time": 0.249349291999998,
    "permutation": "[[1,0],[0,0],[0,1],[12,0],[4,0],[14,0],[3,0],[9,0],[12,1],[7,0],[13,0],[10,0],[8,0],[3,1],[1,1],[2,0],[10,1],[2,1],[12,2],[4,1],[9,1],[14,1],[8,1],[10,2],[10,3],[1,2],[13,1],[6,0],[12,3],[0,2],[14,2],[9,2],[8,2],[12,4],[2,2],[1,3],[0,3],[5,0],[6,1],[1,4],[3,2],[7,1],[9,3],[8,3],[8,4],[0,4],[9,4],[10,4],[7,2],[12,5],[7,3],[5,1],[12,6],[11,0],[8,5],[13,2],[8,6],[4,2],[8,7],[10,5],[4,3],[13,3],[3,3],[5,2],[8,8],[0,5],[6,2],[0,6],[5,3],[1,5],[3,4],[2,3],[7,4],[11,1],[9,5],[2,4],[2,5],[1,6],[7,5],[14,3],[9,6],[5,4],[3,5],[0,7],[2,6],[10,6],[4,4],[13,4],[14,4],[1,7],[12,7],[13,5],[8,9],[1,8],[8,10],[9,7],[7,6],[14,5],[10,7],[7,7],[2,7],[5,5],[11,2],[8,11],[13,6],[5,6],[11,3],[14,6],[1,9],[2,8],[6,3],[12,8],[11,4],[11,5],[9,8],[14,7],[12,9],[12,10],[2,9],[1,10],[6,4],[13,7],[13,8],[3,6],[7,8],[2,10],[5,7],[7,9],[6,5],[5,8],[9,9],[2,11],[4,5],[12,11],[1,11],[11,6],[1,12],[0,8],[7,10],[13,9],[14,8],[5,9],[13,10],[14,9],[12,12],[6,6],[2,12],[6,7],[12,13],[14,10],[3,7],[1,13],[1,14],[7,11],[8,12],[13,11],[11,7],[13,12],[4,6],[7,12],[13,13],[4,7],[14,11],[2,13],[7,13],[9,10],[14,12],[13,14],[11,8],[12,14],[9,11],[9,12],[2,14],[9,13],[14,13],[0,9],[8,13],[0,10],[8,14],[5,10],[6,8],[10,8],[10,9],[4,8],[10,10],[7,14],[6,9],[10,11],[6,10],[3,8],[5,11],[14,14],[3,9],[10,12],[0,11],[11,9],[4,9],[3,10],[11,10],[5,12],[4,10],[0,12],[0,13],[6,11],[6,12],[4,11],[6,13],[11,11],[10,13],[0,14],[11,12],[4,12],[5,13],[10,14],[4,13],[9,14],[4,14],[6,14],[3,11],[5,14],[11,13],[3,12],[3,13],[11,14],[3,14]]"
  },
  "average": {
    "avg_cmax": 1910.5,
    "avg_time": 0.20535531249999828
  }
}