{
  "instance": "data/JSPLIB/instances/ta16",
  "instance_name": "ta16",
  "algorithm": "sa",
  "runs": 2,
  "timestamp": "20250824_131442",
  "per_run": [
    {
      "run": 1,
      "cmax": 2589,
      "time": 0.1077402500000062
    },
    {
      "run": 2,
      "cmax": 2667,
      "time": 0.29601679100000666
    }
  ],
  "best": {
    "cmax": 2589,
    "time": 0.1077402500000062,
    "permutation": "[[19,0],[8,0],[18,0],[16,0],[4,0],[10,0],[2,0],[11,0],[12,0],[8,1],[15,0],[2,1],[1,0],[0,0],[1,1],[8,2],[17,0],[11,1],[8,3],[0,1],[8,4],[9,0],[8,5],[2,2],[4,1],[17,1],[14,0],[15,1],[16,1],[1,2],[4,2],[11,2],[13,0],[19,1],[2,3],[5,0],[3,0],[7,0],[17,2],[0,2],[8,6],[2,4],[3,1],[9,1],[2,5],[5,1],[1,3],[17,3],[14,1],[12,1],[4,3],[2,6],[15,2],[6,0],[15,3],[3,2],[8,7],[19,2],[12,2],[6,1],[2,7],[6,2],[10,1],[5,2],[13,1],[3,3],[1,4],[9,2],[16,2],[5,3],[4,4],[5,4],[8,8],[6,3],[3,4],[1,5],[17,4],[0,3],[8,9],[2,8],[15,4],[11,3],[15,5],[17,5],[17,6],[17,7],[6,4],[16,3],[9,3],[8,10],[5,5],[6,5],[3,5],[2,9],[8,11],[10,2],[14,2],[16,4],[6,6],[3,6],[11,4],[1,6],[12,3],[2,10],[19,3],[6,7],[14,3],[10,3],[18,1],[19,4],[17,8],[10,4],[5,6],[17,9],[9,4],[16,5],[1,7],[18,2],[10,5],[7,1],[17,10],[12,4],[6,8],[17,11],[4,5],[18,3],[13,2],[18,4],[8,12],[19,5],[13,3],[12,5],[3,7],[17,12],[0,4],[10,6],[3,8],[4,6],[4,7],[19,6],[0,5],[11,5],[12,6],[13,4],[2,11],[12,7],[2,12],[16,6],[11,6],[6,9],[11,7],[13,5],[18,5],[17,13],[7,2],[18,6],[4,8],[14,4],[1,8],[19,7],[6,10],[18,7],[18,8],[7,3],[13,6],[15,6],[3,9],[0,6],[13,7],[10,7],[5,7],[3,10],[14,5],[12,8],[6,11],[0,7],[7,4],[13,8],[1,9],[18,9],[13,9],[12,9],[10,8],[19,8],[1,10],[12,10],[16,7],[5,8],[5,9],[8,13],[6,12],[14,6],[5,10],[3,11],[3,12],[7,5],[2,13],[5,11],[18,10],[18,11],[15,7],[17,14],[8,14],[0,8],[0,9],[18,12],[19,9],[6,13],[19,10],[16,8],[6,14],[12,11],[13,10],[3,13],[3,14],[5,12],[15,8],[18,13],[15,9],[7,6],[10,9],[10,10],[9,5],[10,11],[1,11],[14,7],[13,11],[1,12],[10,12],[2,14],[18,14],[11,8],[16,9],[11,9],[4,9],[12,12],[10,13],[7,7],[19,11],[0,10],[10,14],[5,13],[15,10],[12,13],[11,10],[7,8],[9,6],[0,11],[9,7],[12,14],[4,10],[1,13],[15,11],[16,10],[0,12],[16,11],[9,8],[9,9],[11,11],[11,12],[9,10],[5,14],[0,13],[16,12],[15,12],[13,12],[14,8],[15,13],[9,11],[14,9],[4,11],[11,13],[19,12],[4,12],[16,13],[13,13],[14,10],[9,12],[1,14],[0,14],[14,11],[9,13],[4,13],[11,14],[7,9],[19,13],[16,14],[7,10],[7,11],[9,14],[7,12],[15,14],[7,13],[19,14],[7,14],[14,12],[4,14],[13,14],[14,13],[14,14]]"
  },
  "average": {
    "avg_cmax": 2628.0,
    "avg_time": 0.20187852050000643
  }
}