{
  "instance": "data/JSPLIB/instances/ta08",
  "instance_name": "ta08",
  "algorithm": "hill",
  "runs": 2,
  "timestamp": "20250824_131406",
  "per_run": [
    {
      "run": 1,
      "cmax": 2095,
      "time": 0.7970294999999972
    },
    {
      "run": 2,
      "cmax": 1802,
      "time": 1.5380116669999992
    }
  ],
  "best": {
    "cmax": 1802,
    "time": 1.5380116669999992,
    "permutation": "[[5,0],[12,0],[5,1],[11,0],[11,1],[5,2],[3,0],[3,1],[11,2],[1,0],[12,1],[6,0],[2,0],[10,0],[1,1],[14,0],[11,3],[10,1],[2,1],[10,2],[5,3],[11,4],[1,2],[13,0],[5,4],[10,3],[13,1],[8,0],[7,0],[11,5],[6,1],[6,2],[8,1],[6,3],[11,6],[3,2],[1,3],[4,0],[12,2],[12,3],[14,1],[3,3],[8,2],[7,1],[6,4],[5,5],[0,0],[3,4],[10,4],[8,3],[13,2],[6,5],[1,4],[8,4],[1,5],[7,2],[7,3],[0,1],[10,5],[1,6],[11,7],[14,2],[9,0],[5,6],[9,1],[2,2],[0,2],[7,4],[11,8],[13,3],[12,4],[6,6],[5,7],[11,9],[3,5],[1,7],[13,4],[10,6],[3,6],[0,3],[12,5],[3,7],[12,6],[10,7],[10,8],[12,7],[2,3],[2,4],[13,5],[5,8],[0,4],[14,3],[4,1],[0,5],[4,2],[10,9],[12,8],[12,9],[10,10],[4,3],[7,5],[4,4],[3,8],[6,7],[14,4],[9,2],[0,6],[7,6],[8,5],[2,5],[13,6],[5,9],[2,6],[8,6],[2,7],[1,8],[6,8],[0,7],[10,11],[8,7],[12,10],[3,9],[3,10],[14,5],[13,7],[7,7],[1,9],[0,8],[2,8],[2,9],[12,11],[11,10],[4,5],[0,9],[14,6],[9,3],[5,10],[3,11],[0,10],[7,8],[12,12],[7,9],[13,8],[0,11],[10,12],[6,9],[12,13],[9,4],[7,10],[3,12],[2,10],[4,6],[1,10],[1,11],[12,14],[14,7],[2,11],[4,7],[13,9],[4,8],[5,11],[14,8],[10,13],[9,5],[3,13],[11,11],[0,12],[1,12],[10,14],[9,6],[5,12],[4,9],[2,12],[7,11],[9,7],[6,10],[9,8],[14,9],[2,13],[14,10],[11,12],[14,11],[1,13],[8,8],[6,11],[14,12],[14,13],[14,14],[0,13],[4,10],[9,9],[13,10],[6,12],[7,12],[6,13],[9,10],[1,14],[13,11],[0,14],[7,13],[7,14],[5,13],[9,11],[4,11],[8,9],[2,14],[5,14],[8,10],[4,12],[4,13],[11,13],[8,11],[9,12],[4,14],[13,12],[6,14],[8,12],[3,14],[8,13],[9,13],[13,13],[8,14],[9,14],[13,14],[11,14]]"
  },
  "average": {
    "avg_cmax": 1948.5,
    "avg_time": 1.1675205834999982
  }
}