{
  "instance": "data/JSPLIB/instances/ta20",
  "instance_name": "ta20",
  "algorithm": "sa",
  "runs": 2,
  "timestamp": "20250824_131504",
  "per_run": [
    {
      "run": 1,
      "cmax": 2560,
      "time": 0.34687099999999305
    },
    {
      "run": 2,
      "cmax": 2400,
      "time": 0.1139227500000004
    }
  ],
  "best": {
    "cmax": 2400,
    "time": 0.1139227500000004,
    "permutation": "[[10,0],[12,0],[13,0],[9,0],[18,0],[13,1],[7,0],[0,0],[10,1],[18,1],[7,1],[5,0],[2,0],[4,0],[1,0],[12,1],[18,2],[4,1],[12,2],[10,2],[6,0],[19,0],[1,1],[3,0],[2,1],[14,0],[6,1],[13,2],[17,0],[15,0],[9,1],[7,2],[9,2],[4,2],[10,3],[14,1],[11,0],[9,3],[10,4],[14,2],[6,2],[16,0],[15,1],[19,1],[12,3],[16,1],[15,2],[2,2],[15,3],[12,4],[19,2],[9,4],[1,2],[11,1],[3,1],[0,1],[8,0],[9,5],[2,3],[13,3],[1,3],[7,3],[17,1],[16,2],[4,3],[0,2],[3,2],[6,3],[19,3],[0,3],[16,3],[14,3],[4,4],[8,1],[2,4],[5,1],[18,3],[3,3],[15,4],[12,5],[19,4],[9,6],[8,2],[12,6],[17,2],[3,4],[2,5],[10,5],[4,5],[13,4],[3,5],[11,2],[3,6],[12,7],[9,7],[16,4],[17,3],[15,5],[16,5],[16,6],[5,2],[14,4],[7,4],[1,4],[1,5],[14,5],[0,4],[4,6],[5,3],[7,5],[8,3],[14,6],[8,4],[13,5],[16,7],[15,6],[7,6],[0,5],[9,8],[5,4],[11,3],[13,6],[19,5],[7,7],[6,4],[18,4],[0,6],[13,7],[16,8],[6,5],[0,7],[0,8],[19,6],[8,5],[1,6],[2,6],[14,7],[6,6],[10,6],[5,5],[14,8],[3,7],[15,7],[18,5],[14,9],[12,8],[19,7],[1,7],[12,9],[16,9],[18,6],[10,7],[9,9],[14,10],[16,10],[2,7],[13,8],[17,4],[11,4],[14,11],[0,9],[3,8],[16,11],[17,5],[11,5],[9,10],[4,7],[19,8],[2,8],[0,10],[12,10],[14,12],[7,8],[12,11],[16,12],[19,9],[17,6],[18,7],[15,8],[16,13],[3,9],[14,13],[13,9],[3,10],[9,11],[16,14],[18,8],[8,6],[9,12],[3,11],[4,8],[11,6],[5,6],[2,9],[17,7],[10,8],[17,8],[10,9],[8,7],[15,9],[18,9],[7,9],[18,10],[3,12],[13,10],[15,10],[19,10],[14,14],[10,10],[0,11],[1,8],[7,10],[13,11],[19,11],[19,12],[9,13],[12,12],[4,9],[18,11],[5,7],[4,10],[19,13],[8,8],[5,8],[2,10],[6,7],[7,11],[19,14],[11,7],[12,13],[6,8],[4,11],[9,14],[5,9],[17,9],[17,10],[13,12],[2,11],[8,9],[13,13],[5,10],[4,12],[1,9],[3,13],[3,14],[11,8],[2,12],[11,9],[2,13],[18,12],[8,10],[13,14],[4,13],[18,13],[18,14],[1,10],[0,12],[6,9],[8,11],[2,14],[6,10],[7,12],[0,13],[5,11],[15,11],[6,11],[6,12],[8,12],[11,10],[17,11],[11,11],[12,14],[6,13],[10,11],[7,13],[1,11],[7,14],[0,14],[11,12],[1,12],[8,13],[11,13],[15,12],[11,14],[17,12],[15,13],[17,13],[6,14],[10,12],[10,13],[4,14],[1,13],[10,14],[1,14],[5,12],[17,14],[15,14],[8,14],[5,13],[5,14]]"
  },
  "average": {
    "avg_cmax": 2480.0,
    "avg_time": 0.23039687499999673
  }
}