{
  "instance": "data/JSPLIB/instances/ta11",
  "instance_name": "ta11",
  "algorithm": "sa",
  "runs": 2,
  "timestamp": "20250824_131420",
  "per_run": [
    {
      "run": 1,
      "cmax": 2316,
      "time": 0.2300299999999993
    },
    {
      "run": 2,
      "cmax": 2492,
      "time": 0.10938929200000302
    }
  ],
  "best": {
    "cmax": 2316,
    "time": 0.2300299999999993,
    "permutation": "[[9,0],[6,0],[15,0],[1,0],[16,0],[5,0],[0,0],[16,1],[8,0],[15,1],[6,1],[5,1],[5,2],[3,0],[14,0],[11,0],[18,0],[0,1],[11,1],[12,0],[4,0],[15,2],[5,3],[10,0],[8,1],[17,0],[0,2],[11,2],[8,2],[8,3],[11,3],[9,1],[8,4],[12,1],[11,4],[4,1],[1,1],[5,4],[19,0],[1,2],[15,3],[6,2],[5,5],[17,1],[17,2],[10,1],[18,1],[18,2],[1,3],[6,3],[13,0],[5,6],[7,0],[1,4],[4,2],[5,7],[10,2],[8,5],[9,2],[17,3],[16,2],[13,1],[4,3],[1,5],[11,5],[2,0],[0,3],[3,1],[14,1],[18,3],[4,4],[13,2],[10,3],[3,2],[11,6],[13,3],[2,1],[7,1],[0,4],[18,4],[0,5],[19,1],[19,2],[18,5],[9,3],[4,5],[3,3],[13,4],[13,5],[5,8],[3,4],[8,6],[8,7],[6,4],[1,6],[4,6],[16,3],[10,4],[17,4],[11,7],[6,5],[12,2],[0,6],[18,6],[19,3],[16,4],[0,7],[17,5],[6,6],[10,5],[15,4],[3,5],[17,6],[2,2],[8,8],[7,2],[11,8],[2,3],[17,7],[18,7],[17,8],[8,9],[13,6],[16,5],[8,10],[8,11],[15,5],[14,2],[17,9],[4,7],[6,7],[18,8],[8,12],[5,9],[3,6],[4,8],[3,7],[19,4],[7,3],[4,9],[12,3],[14,3],[4,10],[19,5],[0,8],[19,6],[6,8],[11,9],[2,4],[13,7],[13,8],[7,4],[3,8],[11,10],[18,9],[10,6],[19,7],[10,7],[1,7],[10,8],[17,10],[1,8],[19,8],[4,11],[6,9],[16,6],[3,9],[12,4],[7,5],[8,13],[0,9],[10,9],[14,4],[4,12],[0,10],[9,4],[11,11],[17,11],[5,10],[16,7],[1,9],[19,9],[16,8],[18,10],[13,9],[12,5],[4,13],[15,6],[10,10],[6,10],[16,9],[1,10],[5,11],[13,10],[19,10],[2,5],[2,6],[1,11],[11,12],[15,7],[6,11],[0,11],[7,6],[3,10],[6,12],[14,5],[11,13],[3,11],[19,11],[3,12],[0,12],[10,11],[7,7],[14,6],[1,12],[13,11],[9,5],[5,12],[9,6],[12,6],[13,12],[14,7],[10,12],[19,12],[0,13],[2,7],[15,8],[7,8],[12,7],[1,13],[10,13],[2,8],[7,9],[6,13],[17,12],[14,8],[4,14],[17,13],[17,14],[14,9],[12,8],[11,14],[15,9],[18,11],[9,7],[12,9],[13,13],[14,10],[7,10],[3,13],[19,13],[15,10],[12,10],[18,12],[16,10],[2,9],[14,11],[7,11],[7,12],[18,13],[10,14],[0,14],[7,13],[7,14],[9,8],[13,14],[5,13],[19,14],[1,14],[16,11],[2,10],[2,11],[9,9],[8,14],[2,12],[9,10],[12,11],[12,12],[14,12],[3,14],[9,11],[9,12],[12,13],[2,13],[6,14],[5,14],[15,11],[12,14],[14,13],[15,12],[2,14],[18,14],[14,14],[15,13],[15,14],[9,13],[9,14],[16,12],[16,13],[16,14]]"
  },
  "average": {
    "avg_cmax": 2404.0,
    "avg_time": 0.16970964600000116
  }
}