{
  "instance": "data/JSPLIB/instances/ta07",
  "instance_name": "ta07",
  "algorithm": "tabu",
  "runs": 2,
  "timestamp": "20250824_131403",
  "per_run": [
    {
      "run": 1,
      "cmax": 1984,
      "time": 0.23117008300000208
    },
    {
      "run": 2,
      "cmax": 1960,
      "time": 0.16663162500000084
    }
  ],
  "best": {
    "cmax": 1960,
    "time": 0.16663162500000084,
    "permutation": "[[14,0],[7,0],[7,1],[1,0],[10,0],[8,0],[10,1],[14,1],[6,0],[12,0],[11,0],[9,0],[9,1],[13,0],[1,1],[12,1],[4,0],[11,1],[0,0],[5,0],[8,1],[9,2],[9,3],[13,1],[2,0],[8,2],[13,2],[7,2],[12,2],[6,1],[8,3],[7,3],[5,1],[3,0],[4,1],[1,2],[9,4],[4,2],[7,4],[6,2],[10,2],[12,3],[13,3],[5,2],[7,5],[3,1],[3,2],[11,2],[1,3],[7,6],[11,3],[8,4],[10,3],[9,5],[11,4],[1,4],[1,5],[9,6],[11,5],[14,2],[8,5],[0,1],[13,4],[3,3],[13,5],[14,3],[10,4],[13,6],[5,3],[6,3],[3,4],[0,2],[11,6],[9,7],[12,4],[3,5],[3,6],[4,3],[9,8],[7,7],[3,7],[1,6],[4,4],[3,8],[9,9],[9,10],[1,7],[11,7],[2,1],[13,7],[6,4],[12,5],[14,4],[12,6],[11,8],[0,3],[10,5],[0,4],[9,11],[10,6],[8,6],[3,9],[0,5],[9,12],[6,5],[10,7],[0,6],[13,8],[13,9],[3,10],[6,6],[5,4],[0,7],[12,7],[11,9],[7,8],[11,10],[9,13],[0,8],[12,8],[14,5],[1,8],[0,9],[3,11],[1,9],[3,12],[0,10],[13,10],[4,5],[3,13],[13,11],[10,8],[2,2],[6,7],[8,7],[13,12],[0,11],[11,11],[7,9],[2,3],[4,6],[1,10],[2,4],[8,8],[5,5],[7,10],[11,12],[0,12],[8,9],[3,14],[14,6],[1,11],[12,9],[7,11],[11,13],[5,6],[0,13],[13,13],[2,5],[8,10],[5,7],[9,14],[13,14],[8,11],[5,8],[6,8],[10,9],[10,10],[11,14],[8,12],[5,9],[8,13],[0,14],[12,10],[2,6],[6,9],[12,11],[2,7],[2,8],[12,12],[6,10],[14,7],[5,10],[14,8],[12,13],[4,7],[5,11],[1,12],[10,11],[12,14],[10,12],[5,12],[4,8],[5,13],[14,9],[1,13],[14,10],[10,13],[4,9],[6,11],[7,12],[8,14],[1,14],[2,9],[4,10],[6,12],[7,13],[7,14],[14,11],[2,10],[10,14],[14,12],[4,11],[2,11],[6,13],[2,12],[4,12],[2,13],[2,14],[6,14],[5,14],[4,13],[14,13],[4,14],[14,14]]"
  },
  "average": {
    "avg_cmax": 1972.0,
    "avg_time": 0.19890085400000146
  }
}