{
  "instance": "data/JSPLIB/instances/ta09",
  "instance_name": "ta09",
  "algorithm": "hill",
  "timestamp_start": "20250824_133019",
  "runs_completed": 2,
  "planned_runs": 2,
  "per_run": [
    {
      "run": 1,
      "cmax": 2021,
      "time": 0.713737208
    },
    {
      "run": 2,
      "cmax": 2320,
      "time": 0.299721916
    }
  ],
  "best": {
    "cmax": 2021,
    "time": 0.713737208,
    "permutation": "[[2,0],[10,0],[7,0],[8,0],[4,0],[8,1],[13,0],[9,0],[6,0],[3,0],[14,0],[8,2],[0,0],[11,0],[11,1],[3,1],[11,2],[4,1],[6,1],[10,1],[10,2],[5,0],[7,1],[14,1],[8,3],[7,2],[1,0],[3,2],[3,3],[1,1],[5,1],[12,0],[9,1],[8,4],[3,4],[2,1],[9,2],[3,5],[0,1],[1,2],[11,3],[10,3],[0,2],[3,6],[1,3],[14,2],[13,1],[0,3],[5,2],[2,2],[8,5],[3,7],[4,2],[10,4],[10,5],[7,3],[3,8],[8,6],[1,4],[11,4],[14,3],[14,4],[9,3],[9,4],[7,4],[3,9],[12,1],[7,5],[12,2],[6,2],[3,10],[1,5],[1,6],[6,3],[5,3],[6,4],[6,5],[7,6],[11,5],[12,3],[0,4],[10,6],[10,7],[2,3],[1,7],[0,5],[6,6],[11,6],[13,2],[13,3],[1,8],[3,11],[3,12],[3,13],[8,7],[7,7],[6,7],[2,4],[4,3],[7,8],[3,14],[14,5],[8,8],[1,9],[13,4],[14,6],[14,7],[9,5],[1,10],[0,6],[8,9],[9,6],[14,8],[5,4],[12,4],[0,7],[5,5],[13,5],[14,9],[4,4],[2,5],[7,9],[11,7],[8,10],[4,5],[14,10],[7,10],[0,8],[2,6],[7,11],[0,9],[7,12],[1,11],[13,6],[8,11],[13,7],[5,6],[7,13],[10,8],[12,5],[9,7],[11,8],[12,6],[8,12],[14,11],[2,7],[4,6],[5,7],[4,7],[0,10],[12,7],[9,8],[0,11],[12,8],[10,9],[6,8],[0,12],[0,13],[10,10],[8,13],[9,9],[12,9],[13,8],[2,8],[0,14],[2,9],[4,8],[2,10],[11,9],[9,10],[2,11],[5,8],[10,11],[10,12],[2,12],[12,10],[5,9],[12,11],[12,12],[1,12],[12,13],[2,13],[9,11],[13,9],[12,14],[13,10],[11,10],[7,14],[6,9],[5,10],[9,12],[5,11],[6,10],[8,14],[4,9],[6,11],[11,11],[9,13],[6,12],[13,11],[4,10],[4,11],[14,12],[2,14],[14,13],[9,14],[1,13],[5,12],[11,12],[4,12],[6,13],[11,13],[10,13],[5,13],[14,14],[13,12],[10,14],[13,13],[5,14],[13,14],[1,14],[11,14],[6,14],[4,13],[4,14]]"
  },
  "average": {
    "avg_cmax": 2170.5,
    "avg_time": 0.506729562
  }
}