{
  "instance": "data/JSPLIB/instances/ta06",
  "instance_name": "ta06",
  "algorithm": "hill",
  "runs": 2,
  "timestamp": "20250824_131358",
  "per_run": [
    {
      "run": 1,
      "cmax": 1681,
      "time": 0.9876825410000016
    },
    {
      "run": 2,
      "cmax": 2146,
      "time": 0.5898658340000011
    }
  ],
  "best": {
    "cmax": 1681,
    "time": 0.9876825410000016,
    "permutation": "[[7,0],[10,0],[7,1],[1,0],[10,1],[11,0],[14,0],[14,1],[8,0],[8,1],[8,2],[1,1],[9,0],[12,0],[14,2],[12,1],[12,2],[5,0],[1,2],[8,3],[7,2],[14,3],[3,0],[4,0],[7,3],[14,4],[14,5],[13,0],[14,6],[14,7],[0,0],[8,4],[4,1],[10,2],[12,3],[1,3],[13,1],[13,2],[9,1],[11,1],[3,1],[6,0],[6,1],[13,3],[11,2],[1,4],[4,2],[8,5],[10,3],[0,1],[8,6],[2,0],[10,4],[9,2],[8,7],[9,3],[9,4],[3,2],[12,4],[11,3],[0,2],[5,1],[12,5],[14,8],[12,6],[13,4],[4,3],[5,2],[5,3],[12,7],[4,4],[11,4],[1,5],[3,3],[4,5],[4,6],[4,7],[7,4],[6,2],[6,3],[9,5],[6,4],[11,5],[5,4],[12,8],[5,5],[9,6],[1,6],[6,5],[14,9],[2,1],[0,3],[4,8],[0,4],[8,8],[11,6],[12,9],[7,5],[6,6],[13,5],[11,7],[1,7],[9,7],[0,5],[4,9],[3,4],[2,2],[3,5],[4,10],[2,3],[7,6],[2,4],[12,10],[9,8],[10,5],[6,7],[2,5],[13,6],[8,9],[9,9],[10,6],[14,10],[0,6],[11,8],[1,8],[5,6],[1,9],[0,7],[3,6],[13,7],[6,8],[4,11],[8,10],[5,7],[0,8],[2,6],[1,10],[2,7],[11,9],[2,8],[11,10],[8,11],[6,9],[0,9],[2,9],[13,8],[2,10],[7,7],[11,11],[4,12],[2,11],[12,11],[7,8],[9,10],[11,12],[14,11],[6,10],[14,12],[6,11],[4,13],[13,9],[12,12],[7,9],[5,8],[9,11],[11,13],[2,12],[1,11],[11,14],[13,10],[13,11],[8,12],[10,7],[12,13],[7,10],[7,11],[3,7],[7,12],[9,12],[8,13],[12,14],[7,13],[13,12],[4,14],[3,8],[6,12],[6,13],[10,8],[0,10],[14,13],[10,9],[6,14],[13,13],[8,14],[9,13],[9,14],[3,9],[0,11],[1,12],[2,13],[1,13],[10,10],[5,9],[3,10],[1,14],[2,14],[10,11],[3,11],[5,10],[5,11],[3,12],[5,12],[3,13],[14,14],[13,14],[0,12],[10,12],[0,13],[10,13],[10,14],[7,14],[3,14],[5,13],[0,14],[5,14]]"
  },
  "average": {
    "avg_cmax": 1913.5,
    "avg_time": 0.7887741875000014
  }
}