{
  "instance": "data/JSPLIB/instances/ta14",
  "instance_name": "ta14",
  "algorithm": "sa",
  "runs": 2,
  "timestamp": "20250824_131433",
  "per_run": [
    {
      "run": 1,
      "cmax": 2391,
      "time": 0.10538991600000003
    },
    {
      "run": 2,
      "cmax": 2326,
      "time": 0.11405762500000094
    }
  ],
  "best": {
    "cmax": 2326,
    "time": 0.11405762500000094,
    "permutation": "[[11,0],[5,0],[19,0],[12,0],[17,0],[18,0],[5,1],[10,0],[17,1],[15,0],[17,2],[2,0],[12,1],[6,0],[8,0],[8,1],[0,0],[0,1],[4,0],[18,1],[17,3],[10,1],[4,1],[6,1],[2,1],[4,2],[3,0],[6,2],[6,3],[16,0],[15,1],[17,4],[1,0],[5,2],[7,0],[8,2],[7,1],[19,1],[5,3],[7,2],[1,1],[2,2],[1,2],[9,0],[8,3],[5,4],[3,1],[4,3],[12,2],[11,1],[11,2],[18,2],[0,2],[9,1],[7,3],[15,2],[0,3],[15,3],[0,4],[14,0],[13,0],[4,4],[1,3],[6,4],[7,4],[12,3],[16,1],[17,5],[8,4],[3,2],[5,5],[2,3],[7,5],[16,2],[14,1],[10,2],[5,6],[12,4],[18,3],[12,5],[0,5],[15,4],[19,2],[14,2],[4,5],[14,3],[0,6],[11,3],[14,4],[3,3],[17,6],[18,4],[13,1],[11,4],[15,5],[6,5],[7,6],[8,5],[14,5],[6,6],[17,7],[9,2],[7,7],[9,3],[5,7],[14,6],[14,7],[13,2],[10,3],[17,8],[12,6],[12,7],[8,6],[1,4],[15,6],[16,3],[14,8],[11,5],[0,7],[1,5],[4,6],[12,8],[6,7],[5,8],[10,4],[0,8],[15,7],[16,4],[9,4],[16,5],[10,5],[14,9],[7,8],[18,5],[17,9],[8,7],[12,9],[13,3],[6,8],[0,9],[14,10],[12,10],[11,6],[3,4],[8,8],[10,6],[19,3],[12,11],[4,7],[12,12],[16,6],[10,7],[16,7],[16,8],[7,9],[2,4],[7,10],[4,8],[15,8],[15,9],[17,10],[9,5],[3,5],[3,6],[18,6],[5,9],[11,7],[18,7],[16,9],[4,9],[13,4],[16,10],[0,10],[3,7],[16,11],[7,11],[19,4],[5,10],[2,5],[3,8],[10,8],[2,6],[8,9],[8,10],[19,5],[1,6],[13,5],[19,6],[9,6],[2,7],[6,9],[11,8],[7,12],[14,11],[5,11],[12,13],[10,9],[19,7],[4,10],[1,7],[6,10],[19,8],[4,11],[15,10],[17,11],[19,9],[7,13],[9,7],[2,8],[0,11],[11,9],[19,10],[18,8],[17,12],[19,11],[16,12],[6,11],[5,12],[7,14],[3,9],[1,8],[6,12],[2,9],[13,6],[14,12],[9,8],[14,13],[2,10],[5,13],[9,9],[4,12],[1,9],[15,11],[4,13],[15,12],[4,14],[6,13],[18,9],[11,10],[8,11],[2,11],[9,10],[2,12],[19,12],[5,14],[3,10],[16,13],[8,12],[10,10],[19,13],[15,13],[13,7],[11,11],[6,14],[13,8],[17,13],[11,12],[9,11],[10,11],[1,10],[11,13],[1,11],[0,12],[1,12],[0,13],[18,10],[8,13],[15,14],[18,11],[3,11],[12,14],[9,12],[11,14],[13,9],[10,12],[13,10],[13,11],[19,14],[1,13],[13,12],[14,14],[10,13],[17,14],[2,13],[8,14],[2,14],[9,13],[16,14],[1,14],[9,14],[3,12],[3,13],[13,13],[18,12],[13,14],[10,14],[0,14],[18,13],[3,14],[18,14]]"
  },
  "average": {
    "avg_cmax": 2358.5,
    "avg_time": 0.10972377050000048
  }
}