{
  "instance": "data/JSPLIB/instances/ta13",
  "instance_name": "ta13",
  "algorithm": "sa",
  "runs": 2,
  "timestamp": "20250824_131428",
  "per_run": [
    {
      "run": 1,
      "cmax": 2385,
      "time": 0.10902408300000133
    },
    {
      "run": 2,
      "cmax": 2412,
      "time": 0.25893833299999613
    }
  ],
  "best": {
    "cmax": 2385,
    "time": 0.10902408300000133,
    "permutation": "[[7,0],[3,0],[4,0],[9,0],[14,0],[8,0],[18,0],[12,0],[1,0],[10,0],[2,0],[5,0],[16,0],[2,1],[6,0],[13,0],[1,1],[18,1],[19,0],[2,2],[7,1],[8,1],[0,0],[8,2],[9,1],[7,2],[12,1],[11,0],[5,1],[5,2],[3,1],[19,1],[2,3],[3,2],[8,3],[18,2],[17,0],[4,1],[9,2],[0,1],[7,3],[2,4],[7,4],[9,3],[16,1],[17,1],[0,2],[10,1],[13,1],[4,2],[14,1],[10,2],[3,3],[3,4],[12,2],[16,2],[19,2],[1,2],[14,2],[18,3],[18,4],[11,1],[4,3],[4,4],[17,2],[17,3],[15,0],[1,3],[12,3],[8,4],[18,5],[7,5],[9,4],[5,3],[11,2],[10,3],[16,3],[13,2],[2,5],[17,4],[0,3],[12,4],[6,1],[4,5],[1,4],[17,5],[4,6],[1,5],[4,7],[18,6],[15,1],[11,3],[1,6],[9,5],[5,4],[7,6],[6,2],[5,5],[9,6],[19,3],[13,3],[7,7],[0,4],[11,4],[18,7],[4,8],[5,6],[13,4],[8,5],[19,4],[16,4],[19,5],[2,6],[3,5],[10,4],[19,6],[10,5],[8,6],[3,6],[11,5],[17,6],[16,5],[2,7],[15,2],[15,3],[15,4],[19,7],[1,7],[14,3],[12,5],[1,8],[1,9],[11,6],[16,6],[15,5],[3,7],[2,8],[0,5],[12,6],[6,3],[15,6],[18,8],[12,7],[9,7],[0,6],[11,7],[7,8],[9,8],[8,7],[2,9],[16,7],[8,8],[19,8],[14,4],[0,7],[16,8],[0,8],[10,6],[15,7],[6,4],[13,5],[11,8],[12,8],[17,7],[11,9],[0,9],[15,8],[1,10],[11,10],[19,9],[19,10],[9,9],[15,9],[1,11],[1,12],[8,9],[16,9],[4,9],[7,9],[5,7],[10,7],[6,5],[5,8],[7,10],[17,8],[8,10],[2,10],[10,8],[10,9],[16,10],[13,6],[17,9],[13,7],[16,11],[8,11],[7,11],[7,12],[14,5],[19,11],[4,10],[7,13],[6,6],[16,12],[9,10],[1,13],[4,11],[15,10],[14,6],[14,7],[5,9],[19,12],[0,10],[9,11],[11,11],[5,10],[8,12],[13,8],[16,13],[17,10],[5,11],[12,9],[13,9],[19,13],[5,12],[3,8],[5,13],[8,13],[3,9],[18,9],[8,14],[13,10],[15,11],[4,12],[6,7],[13,11],[15,12],[19,14],[11,12],[2,11],[13,12],[17,11],[10,10],[2,12],[14,8],[2,13],[12,10],[4,13],[17,12],[17,13],[6,8],[18,10],[2,14],[18,11],[1,14],[11,13],[6,9],[15,13],[9,12],[11,14],[16,14],[3,10],[15,14],[18,12],[17,14],[3,11],[12,11],[0,11],[4,14],[6,10],[14,9],[0,12],[3,12],[3,13],[10,11],[12,12],[18,13],[5,14],[3,14],[0,13],[14,10],[13,13],[10,12],[7,14],[18,14],[0,14],[12,13],[12,14],[13,14],[10,13],[9,13],[9,14],[6,11],[14,11],[14,12],[14,13],[14,14],[10,14],[6,12],[6,13],[6,14]]"
  },
  "average": {
    "avg_cmax": 2398.5,
    "avg_time": 0.18398120799999873
  }
}