{
  "instance": "data/JSPLIB/instances/ta18",
  "instance_name": "ta18",
  "algorithm": "sa",
  "runs": 2,
  "timestamp": "20250824_131455",
  "per_run": [
    {
      "run": 1,
      "cmax": 2670,
      "time": 0.10987545799999054
    },
    {
      "run": 2,
      "cmax": 2348,
      "time": 0.11328133300000331
    }
  ],
  "best": {
    "cmax": 2348,
    "time": 0.11328133300000331,
    "permutation": "[[2,0],[15,0],[2,1],[11,0],[9,0],[3,0],[1,0],[1,1],[19,0],[8,0],[12,0],[11,1],[0,0],[4,0],[7,0],[14,0],[9,1],[0,1],[3,1],[17,0],[2,2],[9,2],[6,0],[17,1],[9,3],[10,0],[12,1],[4,1],[19,1],[2,3],[19,2],[5,0],[8,1],[16,0],[0,2],[14,1],[3,2],[3,3],[18,0],[16,1],[11,2],[12,2],[17,2],[5,1],[4,2],[18,1],[17,3],[16,2],[1,2],[9,4],[17,4],[14,2],[17,5],[10,1],[6,1],[10,2],[19,3],[14,3],[2,4],[8,2],[14,4],[13,0],[9,5],[10,3],[15,1],[10,4],[17,6],[19,4],[9,6],[4,3],[0,3],[0,4],[14,5],[16,3],[6,2],[11,3],[2,5],[1,3],[17,7],[8,3],[6,3],[1,4],[2,6],[0,5],[17,8],[5,2],[9,7],[4,4],[17,9],[8,4],[17,10],[0,6],[19,5],[0,7],[2,7],[7,1],[14,6],[6,4],[12,3],[16,4],[4,5],[2,8],[3,4],[6,5],[16,5],[10,5],[11,4],[14,7],[11,5],[14,8],[9,8],[15,2],[13,1],[12,4],[10,6],[2,9],[17,11],[4,6],[4,7],[15,3],[15,4],[1,5],[19,6],[18,2],[10,7],[1,6],[15,5],[17,12],[8,5],[3,5],[3,6],[0,8],[6,6],[18,3],[18,4],[12,5],[7,2],[6,7],[13,2],[1,7],[0,9],[5,3],[19,7],[4,8],[16,6],[14,9],[17,13],[0,10],[11,6],[18,5],[19,8],[3,7],[4,9],[5,4],[18,6],[15,6],[7,3],[17,14],[8,6],[15,7],[11,7],[18,7],[5,5],[14,10],[2,10],[8,7],[6,8],[7,4],[6,9],[15,8],[15,9],[11,8],[18,8],[7,5],[18,9],[6,10],[15,10],[11,9],[5,6],[6,11],[4,10],[9,9],[14,11],[10,8],[12,6],[18,10],[14,12],[13,3],[13,4],[9,10],[15,11],[11,10],[0,11],[5,7],[0,12],[7,6],[6,12],[7,7],[6,13],[2,11],[11,11],[13,5],[8,8],[3,8],[19,9],[12,7],[18,11],[8,9],[2,12],[6,14],[14,13],[1,8],[19,10],[14,14],[5,8],[7,8],[11,12],[5,9],[13,6],[0,13],[19,11],[8,10],[7,9],[12,8],[4,11],[11,13],[19,12],[4,12],[3,9],[11,14],[4,13],[2,13],[5,10],[5,11],[8,11],[5,12],[16,7],[0,14],[5,13],[1,9],[7,10],[19,13],[7,11],[8,12],[9,11],[15,12],[18,12],[18,13],[3,10],[12,9],[10,9],[16,8],[18,14],[12,10],[12,11],[8,13],[9,12],[16,9],[10,10],[4,14],[13,7],[5,14],[10,11],[10,12],[19,14],[12,12],[15,13],[16,10],[1,10],[15,14],[3,11],[1,11],[13,8],[7,12],[10,13],[7,13],[7,14],[12,13],[1,12],[3,12],[13,9],[3,13],[9,13],[13,10],[2,14],[8,14],[12,14],[10,14],[16,11],[16,12],[1,13],[16,13],[13,11],[16,14],[9,14],[3,14],[13,12],[13,13],[1,14],[13,14]]"
  },
  "average": {
    "avg_cmax": 2509.0,
    "avg_time": 0.11157839549999693
  }
}