{
  "instance": "data/JSPLIB/instances/ta05",
  "instance_name": "ta05",
  "algorithm": "tabu",
  "runs": 2,
  "timestamp": "20250824_131356",
  "per_run": [
    {
      "run": 1,
      "cmax": 2070,
      "time": 0.16399879100000092
    },
    {
      "run": 2,
      "cmax": 1993,
      "time": 0.2693177920000007
    }
  ],
  "best": {
    "cmax": 1993,
    "time": 0.2693177920000007,
    "permutation": "[[5,0],[13,0],[1,0],[4,0],[12,0],[14,0],[2,0],[8,0],[9,0],[12,1],[5,1],[0,0],[14,1],[2,1],[5,2],[1,1],[14,2],[3,0],[12,2],[0,1],[3,1],[6,0],[1,2],[8,1],[2,2],[4,1],[12,3],[3,2],[0,2],[12,4],[8,2],[3,3],[7,0],[12,5],[9,1],[1,3],[10,0],[13,1],[3,4],[12,6],[10,1],[1,4],[2,3],[14,3],[0,3],[1,5],[11,0],[9,2],[3,5],[7,1],[2,4],[14,4],[5,3],[14,5],[9,3],[14,6],[1,6],[14,7],[12,7],[14,8],[9,4],[2,5],[11,1],[8,3],[6,1],[12,8],[0,4],[13,2],[0,5],[1,7],[8,4],[5,4],[2,6],[12,9],[10,2],[2,7],[7,2],[11,2],[13,3],[3,6],[2,8],[2,9],[2,10],[4,2],[1,8],[13,4],[9,5],[9,6],[5,5],[6,2],[9,7],[8,5],[1,9],[4,3],[13,5],[5,6],[5,7],[5,8],[4,4],[11,3],[13,6],[12,10],[1,10],[3,7],[1,11],[14,9],[9,8],[9,9],[14,10],[13,7],[14,11],[7,3],[10,3],[14,12],[14,13],[5,9],[8,6],[10,4],[4,5],[14,14],[8,7],[12,11],[5,10],[9,10],[6,3],[10,5],[2,11],[13,8],[8,8],[11,4],[13,9],[11,5],[13,10],[6,4],[13,11],[12,12],[0,6],[10,6],[3,8],[6,5],[2,12],[7,4],[7,5],[2,13],[13,12],[9,11],[5,11],[1,12],[10,7],[11,6],[8,9],[6,6],[11,7],[2,14],[8,10],[6,7],[11,8],[0,7],[13,13],[7,6],[4,6],[6,8],[13,14],[12,13],[12,14],[5,12],[10,8],[4,7],[10,9],[6,9],[7,7],[7,8],[8,11],[3,9],[9,12],[10,10],[1,13],[0,8],[4,8],[4,9],[4,10],[0,9],[0,10],[0,11],[10,11],[5,13],[7,9],[6,10],[7,10],[8,12],[3,10],[0,12],[10,12],[9,13],[7,11],[4,11],[4,12],[0,13],[8,13],[7,12],[10,13],[11,9],[3,11],[10,14],[1,14],[0,14],[5,14],[11,10],[9,14],[6,11],[7,13],[6,12],[3,12],[6,13],[11,11],[3,13],[4,13],[6,14],[11,12],[4,14],[3,14],[8,14],[11,13],[7,14],[11,14]]"
  },
  "average": {
    "avg_cmax": 2031.5,
    "avg_time": 0.21665829150000082
  }
}