{
  "instance": "data/JSPLIB/instances/ta08",
  "instance_name": "ta08",
  "algorithm": "sa",
  "runs": 2,
  "timestamp": "20250824_131407",
  "per_run": [
    {
      "run": 1,
      "cmax": 2007,
      "time": 0.08593349999999944
    },
    {
      "run": 2,
      "cmax": 2303,
      "time": 0.16704449999999937
    }
  ],
  "best": {
    "cmax": 2007,
    "time": 0.08593349999999944,
    "permutation": "[[12,0],[3,0],[6,0],[6,1],[10,0],[12,1],[14,0],[12,2],[3,1],[14,1],[8,0],[4,0],[1,0],[12,3],[6,2],[2,0],[5,0],[11,0],[11,1],[0,0],[5,1],[9,0],[3,2],[5,2],[1,1],[12,4],[4,1],[6,3],[5,3],[8,1],[7,0],[14,2],[13,0],[0,1],[4,2],[11,2],[8,2],[4,3],[4,4],[5,4],[4,5],[0,2],[3,3],[2,1],[8,3],[12,5],[6,4],[14,3],[7,1],[14,4],[14,5],[6,5],[7,2],[12,6],[9,1],[13,1],[7,3],[9,2],[10,1],[5,5],[4,6],[14,6],[7,4],[7,5],[4,7],[8,4],[9,3],[3,4],[4,8],[6,6],[2,2],[1,2],[5,6],[13,2],[3,5],[2,3],[5,7],[10,2],[2,4],[11,3],[10,3],[9,4],[6,7],[4,9],[9,5],[12,7],[5,8],[14,7],[12,8],[8,5],[2,5],[2,6],[8,6],[0,3],[9,6],[1,3],[11,4],[10,4],[12,9],[9,7],[1,4],[12,10],[8,7],[12,11],[12,12],[0,4],[7,6],[2,7],[4,10],[12,13],[1,5],[2,8],[3,6],[11,5],[3,7],[10,5],[4,11],[11,6],[7,7],[1,6],[13,3],[14,8],[6,8],[2,9],[14,9],[9,8],[14,10],[5,9],[4,12],[3,8],[9,9],[13,4],[2,10],[10,6],[10,7],[13,5],[13,6],[1,7],[9,10],[5,10],[12,14],[2,11],[5,11],[1,8],[7,8],[0,5],[10,8],[13,7],[0,6],[10,9],[3,9],[13,8],[7,9],[9,11],[13,9],[0,7],[10,10],[8,8],[14,11],[6,9],[1,9],[2,12],[10,11],[7,10],[11,7],[10,12],[11,8],[4,13],[14,12],[0,8],[7,11],[3,10],[3,11],[8,9],[2,13],[8,10],[13,10],[10,13],[7,12],[7,13],[5,12],[8,11],[11,9],[7,14],[0,9],[11,10],[13,11],[11,11],[0,10],[13,12],[0,11],[9,12],[14,13],[1,10],[2,14],[14,14],[9,13],[11,12],[1,11],[1,12],[3,12],[11,13],[3,13],[13,13],[8,12],[9,14],[6,10],[8,13],[5,13],[4,14],[10,14],[6,11],[5,14],[8,14],[11,14],[6,12],[6,13],[13,14],[0,12],[3,14],[6,14],[0,13],[1,13],[1,14],[0,14]]"
  },
  "average": {
    "avg_cmax": 2155.0,
    "avg_time": 0.1264889999999994
  }
}