{
  "instance": "data/JSPLIB/instances/ta16",
  "instance_name": "ta16",
  "algorithm": "tabu",
  "runs": 2,
  "timestamp": "20250824_131441",
  "per_run": [
    {
      "run": 1,
      "cmax": 2431,
      "time": 0.3985637499999939
    },
    {
      "run": 2,
      "cmax": 2437,
      "time": 0.2254212080000002
    }
  ],
  "best": {
    "cmax": 2431,
    "time": 0.3985637499999939,
    "permutation": "[[2,0],[11,0],[17,0],[9,0],[6,0],[6,1],[8,0],[8,1],[14,0],[19,0],[3,0],[13,0],[5,0],[15,0],[16,0],[13,1],[17,1],[5,1],[10,0],[17,2],[4,0],[9,1],[7,0],[9,2],[17,3],[1,0],[15,1],[11,1],[17,4],[9,3],[17,5],[0,0],[2,1],[13,2],[2,2],[1,1],[4,1],[12,0],[16,1],[15,2],[9,4],[2,3],[10,1],[6,2],[4,2],[5,2],[6,3],[16,2],[1,2],[19,1],[12,1],[14,1],[7,1],[15,3],[4,3],[18,0],[7,2],[9,5],[12,2],[2,4],[17,6],[19,2],[15,4],[4,4],[0,1],[13,3],[9,6],[7,3],[6,4],[12,3],[16,3],[10,2],[6,5],[12,4],[2,5],[0,2],[12,5],[5,3],[11,2],[6,6],[14,2],[3,1],[3,2],[3,3],[17,7],[19,3],[10,3],[14,3],[12,6],[7,4],[7,5],[13,4],[16,4],[7,6],[14,4],[2,6],[10,4],[0,3],[6,7],[9,7],[3,4],[14,5],[15,5],[7,7],[7,8],[2,7],[12,7],[10,5],[5,4],[18,1],[9,8],[11,3],[1,3],[15,6],[15,7],[10,6],[2,8],[14,6],[6,8],[8,2],[0,4],[10,7],[16,5],[2,9],[8,3],[10,8],[12,8],[10,9],[16,6],[11,4],[3,5],[14,7],[4,5],[0,5],[5,5],[2,10],[15,8],[1,4],[5,6],[8,4],[3,6],[2,11],[12,9],[17,8],[9,9],[18,2],[15,9],[19,4],[5,7],[16,7],[12,10],[9,10],[17,9],[11,5],[11,6],[11,7],[2,12],[7,9],[12,11],[0,6],[5,8],[9,11],[4,6],[16,8],[7,10],[3,7],[10,10],[12,12],[2,13],[14,8],[3,8],[14,9],[17,10],[6,9],[13,5],[4,7],[0,7],[11,8],[12,13],[7,11],[17,11],[19,5],[2,14],[5,9],[19,6],[14,10],[18,3],[10,11],[9,12],[18,4],[15,10],[14,11],[17,12],[7,12],[18,5],[4,8],[8,5],[16,9],[1,5],[11,9],[9,13],[13,6],[17,13],[4,9],[18,6],[8,6],[18,7],[0,8],[4,10],[13,7],[7,13],[6,10],[8,7],[8,8],[10,12],[13,8],[10,13],[13,9],[7,14],[19,7],[4,11],[14,12],[16,10],[11,10],[17,14],[3,9],[3,10],[15,11],[15,12],[13,10],[4,12],[16,11],[5,10],[3,11],[13,11],[1,6],[1,7],[6,11],[3,12],[15,13],[12,14],[13,12],[1,8],[15,14],[6,12],[16,12],[1,9],[3,13],[11,11],[19,8],[10,14],[19,9],[16,13],[18,8],[5,11],[3,14],[11,12],[1,10],[13,13],[8,9],[16,14],[1,11],[5,12],[5,13],[5,14],[9,14],[6,13],[6,14],[4,13],[8,10],[1,12],[0,9],[11,13],[11,14],[19,10],[14,13],[19,11],[8,11],[8,12],[0,10],[0,11],[4,14],[19,12],[1,13],[19,13],[18,9],[19,14],[13,14],[14,14],[0,12],[1,14],[0,13],[8,13],[8,14],[0,14],[18,10],[18,11],[18,12],[18,13],[18,14]]"
  },
  "average": {
    "avg_cmax": 2434.0,
    "avg_time": 0.31199247899999705
  }
}