{
  "instance": "data/JSPLIB/instances/ta15",
  "instance_name": "ta15",
  "algorithm": "hill",
  "runs": 2,
  "timestamp": "20250824_131436",
  "per_run": [
    {
      "run": 1,
      "cmax": 2283,
      "time": 1.749177000000003
    },
    {
      "run": 2,
      "cmax": 2292,
      "time": 0.8261900420000003
    }
  ],
  "best": {
    "cmax": 2283,
    "time": 1.749177000000003,
    "permutation": "[[16,0],[15,0],[4,0],[14,0],[2,0],[5,0],[13,0],[3,0],[7,0],[6,0],[0,0],[13,1],[3,1],[7,1],[10,0],[6,1],[19,0],[15,1],[7,2],[9,0],[19,1],[7,3],[18,0],[2,1],[13,2],[7,4],[1,0],[5,1],[12,0],[16,1],[11,0],[4,1],[9,1],[19,2],[18,1],[10,1],[3,2],[13,3],[18,2],[17,0],[10,2],[8,0],[11,1],[13,4],[0,1],[15,2],[13,5],[12,1],[13,6],[1,1],[9,2],[0,2],[19,3],[17,1],[18,3],[9,3],[8,1],[6,2],[11,2],[15,3],[10,3],[12,2],[17,2],[15,4],[13,7],[6,3],[10,4],[2,2],[19,4],[4,2],[18,4],[13,8],[0,3],[3,3],[14,1],[3,4],[5,2],[11,3],[8,2],[8,3],[10,5],[3,5],[9,4],[13,9],[8,4],[5,3],[2,3],[15,5],[13,10],[3,6],[11,4],[14,2],[9,5],[15,6],[15,7],[13,11],[13,12],[16,2],[1,2],[7,5],[8,5],[18,5],[9,6],[17,3],[8,6],[17,4],[2,4],[4,3],[5,4],[10,6],[6,4],[11,5],[4,4],[15,8],[10,7],[18,6],[6,5],[6,6],[5,5],[5,6],[15,9],[15,10],[6,7],[2,5],[14,3],[5,7],[11,6],[18,7],[19,5],[8,7],[2,6],[19,6],[0,4],[4,5],[0,5],[2,7],[17,5],[4,6],[9,7],[5,8],[10,8],[7,6],[1,3],[18,8],[4,7],[11,7],[4,8],[1,4],[0,6],[3,7],[9,8],[18,9],[14,4],[6,8],[7,7],[11,8],[12,3],[4,9],[9,9],[4,10],[4,11],[0,7],[5,9],[10,9],[0,8],[3,8],[12,4],[0,9],[3,9],[7,8],[14,5],[19,7],[7,9],[15,11],[15,12],[8,8],[4,12],[11,9],[2,8],[3,10],[6,9],[1,5],[2,9],[6,10],[1,6],[3,11],[1,7],[10,10],[14,6],[16,3],[17,6],[0,10],[17,7],[7,10],[16,4],[0,11],[10,11],[12,5],[16,5],[3,12],[17,8],[4,13],[5,10],[16,6],[1,8],[19,8],[14,7],[15,13],[10,12],[13,13],[13,14],[19,9],[0,12],[3,13],[1,9],[12,6],[17,9],[3,14],[0,13],[10,13],[8,9],[0,14],[2,10],[17,10],[1,10],[6,11],[19,10],[15,14],[7,11],[8,10],[18,10],[2,11],[12,7],[19,11],[18,11],[8,11],[11,10],[5,11],[5,12],[6,12],[6,13],[18,12],[11,11],[11,12],[18,13],[16,7],[6,14],[19,12],[17,11],[16,8],[17,12],[5,13],[14,8],[5,14],[11,13],[10,14],[7,12],[18,14],[17,13],[8,12],[9,10],[1,11],[7,13],[2,12],[19,13],[8,13],[9,11],[19,14],[14,9],[16,9],[1,12],[8,14],[1,13],[1,14],[9,12],[16,10],[17,14],[14,10],[11,14],[7,14],[12,8],[12,9],[4,14],[12,10],[16,11],[2,13],[2,14],[12,11],[14,11],[16,12],[14,12],[16,13],[9,13],[12,12],[14,13],[16,14],[14,14],[12,13],[12,14],[9,14]]"
  },
  "average": {
    "avg_cmax": 2287.5,
    "avg_time": 1.2876835210000017
  }
}