{
  "instance": "data/JSPLIB/instances/ta02",
  "instance_name": "ta02",
  "algorithm": "tabu",
  "runs": 2,
  "timestamp": "20250824_131347",
  "per_run": [
    {
      "run": 1,
      "cmax": 1927,
      "time": 0.16557604100000045
    },
    {
      "run": 2,
      "cmax": 1906,
      "time": 0.22041454200000032
    }
  ],
  "best": {
    "cmax": 1906,
    "time": 0.22041454200000032,
    "permutation": "[[7,0],[11,0],[2,0],[0,0],[1,0],[12,0],[13,0],[7,1],[5,0],[14,0],[9,0],[7,2],[11,1],[12,1],[12,2],[12,3],[14,1],[8,0],[12,4],[6,0],[3,0],[13,1],[12,5],[4,0],[10,0],[6,1],[6,2],[12,6],[3,1],[7,3],[12,7],[1,1],[4,1],[1,2],[8,1],[9,1],[0,1],[14,2],[13,2],[10,1],[10,2],[0,2],[9,2],[2,1],[14,3],[10,3],[13,3],[11,2],[6,3],[13,4],[11,3],[14,4],[2,2],[3,2],[11,4],[3,3],[14,5],[2,3],[5,1],[10,4],[0,3],[5,2],[4,2],[2,4],[6,4],[4,3],[11,5],[4,4],[7,4],[3,4],[11,6],[14,6],[8,2],[7,5],[2,5],[2,6],[4,5],[6,5],[1,3],[13,5],[12,8],[10,5],[14,7],[8,3],[10,6],[7,6],[3,5],[14,8],[9,3],[14,9],[0,4],[13,6],[9,4],[12,9],[4,6],[11,7],[12,10],[5,3],[8,4],[5,4],[11,8],[7,7],[7,8],[0,5],[8,5],[13,7],[11,9],[11,10],[7,9],[2,7],[10,7],[1,4],[6,6],[2,8],[4,7],[4,8],[0,6],[7,10],[3,6],[1,5],[14,10],[4,9],[0,7],[9,5],[6,7],[11,11],[1,6],[1,7],[14,11],[2,9],[6,8],[7,11],[7,12],[7,13],[5,5],[9,6],[5,6],[11,12],[1,8],[0,8],[11,13],[5,7],[0,9],[14,12],[12,11],[12,12],[9,7],[8,6],[2,10],[1,9],[13,8],[10,8],[2,11],[0,10],[9,8],[14,13],[0,11],[2,12],[8,7],[4,10],[6,9],[1,10],[12,13],[9,9],[8,8],[14,14],[1,11],[10,9],[4,11],[5,8],[4,12],[2,13],[5,9],[8,9],[3,7],[11,14],[7,14],[1,12],[6,10],[6,11],[8,10],[12,14],[8,11],[3,8],[5,10],[6,12],[9,10],[5,11],[0,12],[8,12],[3,9],[10,10],[0,13],[6,13],[5,12],[8,13],[6,14],[13,9],[0,14],[4,13],[9,11],[10,11],[8,14],[1,13],[4,14],[5,13],[9,12],[13,10],[2,14],[9,13],[3,10],[13,11],[5,14],[9,14],[1,14],[3,11],[3,12],[10,12],[13,12],[13,13],[3,13],[13,14],[10,13],[10,14],[3,14]]"
  },
  "average": {
    "avg_cmax": 1916.5,
    "avg_time": 0.1929952915000004
  }
}