{
  "instance": "data/JSPLIB/instances/ta15",
  "instance_name": "ta15",
  "algorithm": "tabu",
  "runs": 2,
  "timestamp": "20250824_131437",
  "per_run": [
    {
      "run": 1,
      "cmax": 2662,
      "time": 0.3710842079999992
    },
    {
      "run": 2,
      "cmax": 2601,
      "time": 0.21112079099999903
    }
  ],
  "best": {
    "cmax": 2601,
    "time": 0.21112079099999903,
    "permutation": "[[9,0],[14,0],[17,0],[0,0],[17,1],[9,1],[5,0],[7,0],[3,0],[0,1],[12,0],[18,0],[11,0],[6,0],[13,0],[15,0],[8,0],[10,0],[12,1],[1,0],[13,1],[3,1],[4,0],[11,1],[1,1],[1,2],[18,1],[16,0],[1,3],[2,0],[5,1],[2,1],[3,2],[8,1],[13,2],[13,3],[4,1],[6,1],[7,1],[6,2],[18,2],[2,2],[14,1],[17,2],[13,4],[3,3],[18,3],[6,3],[11,2],[16,1],[14,2],[2,3],[4,2],[6,4],[14,3],[3,4],[15,1],[2,4],[0,2],[12,2],[13,5],[17,3],[4,3],[12,3],[12,4],[10,1],[2,5],[18,4],[7,2],[2,6],[13,6],[13,7],[0,3],[4,4],[9,2],[16,2],[17,4],[4,5],[12,5],[10,2],[9,3],[10,3],[12,6],[6,5],[0,4],[1,4],[9,4],[18,5],[0,5],[9,5],[19,0],[5,2],[3,5],[6,6],[2,7],[1,5],[6,7],[3,6],[15,2],[14,4],[3,7],[10,4],[10,5],[15,3],[1,6],[17,5],[9,6],[1,7],[7,3],[15,4],[11,3],[6,8],[7,4],[5,3],[10,6],[14,5],[16,3],[15,5],[5,4],[3,8],[0,6],[7,5],[11,4],[2,8],[14,6],[1,8],[13,8],[13,9],[11,5],[5,5],[0,7],[5,6],[9,7],[17,6],[17,7],[19,1],[0,8],[12,7],[5,7],[3,9],[10,7],[9,8],[6,9],[12,8],[7,6],[14,7],[13,10],[0,9],[0,10],[11,6],[11,7],[18,6],[3,10],[14,8],[16,4],[7,7],[2,9],[12,9],[14,9],[5,8],[0,11],[8,2],[10,8],[7,8],[10,9],[9,9],[17,8],[15,6],[3,11],[13,11],[14,10],[13,12],[3,12],[19,2],[17,9],[15,7],[19,3],[9,10],[13,13],[19,4],[2,10],[7,9],[8,3],[2,11],[4,6],[5,9],[7,10],[0,12],[12,10],[0,13],[16,5],[15,8],[1,9],[11,8],[13,14],[11,9],[3,13],[19,5],[4,7],[7,11],[14,11],[15,9],[0,14],[9,11],[2,12],[17,10],[14,12],[16,6],[10,10],[9,12],[12,11],[17,11],[15,10],[2,13],[19,6],[10,11],[14,13],[6,10],[12,12],[7,12],[5,10],[1,10],[14,14],[17,12],[5,11],[18,7],[4,8],[4,9],[6,11],[9,13],[8,4],[4,10],[9,14],[2,14],[5,12],[7,13],[11,10],[15,11],[12,13],[17,13],[1,11],[8,5],[19,7],[16,7],[8,6],[6,12],[18,8],[4,11],[15,12],[11,11],[18,9],[15,13],[5,13],[12,14],[10,12],[8,7],[18,10],[4,12],[15,14],[1,12],[3,14],[6,13],[17,14],[1,13],[1,14],[11,12],[11,13],[7,14],[11,14],[19,8],[18,11],[18,12],[5,14],[18,13],[8,8],[19,9],[19,10],[4,13],[8,9],[19,11],[19,12],[6,14],[10,13],[18,14],[19,13],[4,14],[10,14],[19,14],[16,8],[8,10],[8,11],[16,9],[16,10],[16,11],[8,12],[8,13],[8,14],[16,12],[16,13],[16,14]]"
  },
  "average": {
    "avg_cmax": 2631.5,
    "avg_time": 0.2911024994999991
  }
}