{
  "instance": "data/JSPLIB/instances/ta03",
  "instance_name": "ta03",
  "algorithm": "hill",
  "runs": 2,
  "timestamp": "20250824_131349",
  "per_run": [
    {
      "run": 1,
      "cmax": 2078,
      "time": 0.8162607909999995
    },
    {
      "run": 2,
      "cmax": 1868,
      "time": 0.683774584
    }
  ],
  "best": {
    "cmax": 1868,
    "time": 0.683774584,
    "permutation": "[[1,0],[13,0],[5,0],[10,0],[4,0],[9,0],[3,0],[13,1],[14,0],[8,0],[4,1],[4,2],[10,1],[11,0],[6,0],[1,1],[8,1],[9,1],[12,0],[3,1],[1,2],[6,1],[14,1],[1,3],[6,2],[10,2],[2,0],[3,2],[0,0],[7,0],[13,2],[9,2],[6,3],[9,3],[6,4],[10,3],[7,1],[2,1],[14,2],[3,3],[6,5],[3,4],[1,4],[1,5],[13,3],[1,6],[7,2],[1,7],[13,4],[0,1],[4,3],[8,2],[14,3],[3,5],[2,2],[6,6],[12,1],[1,8],[7,3],[8,3],[9,4],[3,6],[0,2],[5,1],[10,4],[2,3],[5,2],[9,5],[1,9],[3,7],[9,6],[7,4],[11,1],[1,10],[0,3],[4,4],[1,11],[0,4],[10,5],[11,2],[2,4],[12,2],[8,4],[7,5],[5,3],[6,7],[0,5],[3,8],[13,5],[1,12],[12,3],[8,5],[5,4],[6,8],[7,6],[7,7],[11,3],[10,6],[12,4],[14,4],[9,7],[3,9],[3,10],[2,5],[13,6],[2,6],[5,5],[0,6],[6,9],[14,5],[11,4],[0,7],[7,8],[4,5],[14,6],[3,11],[10,7],[10,8],[6,10],[6,11],[2,7],[3,12],[0,8],[11,5],[14,7],[7,9],[10,9],[0,9],[9,8],[5,6],[10,10],[8,6],[8,7],[5,7],[12,5],[6,12],[5,8],[13,7],[6,13],[2,8],[3,13],[0,10],[8,8],[1,13],[11,6],[2,9],[2,10],[13,8],[5,9],[4,6],[11,7],[5,10],[7,10],[9,9],[14,8],[0,11],[3,14],[14,9],[12,6],[1,14],[2,11],[0,12],[10,11],[0,13],[13,9],[4,7],[4,8],[10,12],[14,10],[12,7],[7,11],[8,9],[4,9],[5,11],[2,12],[0,14],[7,12],[9,10],[9,11],[6,14],[13,10],[2,13],[12,8],[12,9],[4,10],[11,8],[4,11],[5,12],[12,10],[4,12],[4,13],[8,10],[5,13],[12,11],[12,12],[2,14],[7,13],[7,14],[14,11],[10,13],[9,12],[14,12],[11,9],[13,11],[8,11],[14,13],[12,13],[10,14],[8,12],[9,13],[13,12],[5,14],[8,13],[13,13],[4,14],[12,14],[14,14],[9,14],[13,14],[8,14],[11,10],[11,11],[11,12],[11,13],[11,14]]"
  },
  "average": {
    "avg_cmax": 1973.0,
    "avg_time": 0.7500176874999998
  }
}