{
  "instance": "data/JSPLIB/instances/ta13",
  "instance_name": "ta13",
  "algorithm": "tabu",
  "runs": 2,
  "timestamp": "20250824_131428",
  "per_run": [
    {
      "run": 1,
      "cmax": 2287,
      "time": 0.2292500000000004
    },
    {
      "run": 2,
      "cmax": 2539,
      "time": 0.35711354200000045
    }
  ],
  "best": {
    "cmax": 2287,
    "time": 0.2292500000000004,
    "permutation": "[[10,0],[18,0],[7,0],[5,0],[13,0],[19,0],[6,0],[8,0],[9,0],[19,1],[7,1],[3,0],[6,1],[0,0],[16,0],[16,1],[15,0],[1,0],[9,1],[14,0],[18,1],[4,0],[11,0],[18,2],[17,0],[12,0],[0,1],[7,2],[12,1],[2,0],[10,1],[13,1],[11,1],[6,2],[2,1],[18,3],[6,3],[11,2],[16,2],[9,2],[7,3],[8,1],[19,2],[1,1],[13,2],[1,2],[1,3],[11,3],[6,4],[2,2],[15,1],[7,4],[18,4],[16,3],[4,1],[3,1],[8,2],[0,2],[3,2],[15,2],[5,1],[5,2],[16,4],[13,3],[14,1],[8,3],[11,4],[4,2],[13,4],[12,2],[7,5],[18,5],[10,2],[11,5],[6,5],[11,6],[10,3],[8,4],[14,2],[13,5],[8,5],[12,3],[4,3],[0,3],[8,6],[11,7],[13,6],[7,6],[9,3],[17,1],[14,3],[6,6],[6,7],[13,7],[1,4],[4,4],[10,4],[9,4],[10,5],[6,8],[12,4],[17,2],[7,7],[3,3],[7,8],[2,3],[9,5],[7,9],[6,9],[8,7],[0,4],[18,6],[14,4],[4,5],[16,5],[18,7],[0,5],[12,5],[18,8],[1,5],[8,8],[5,3],[10,6],[3,4],[0,6],[11,8],[10,7],[10,8],[5,4],[8,9],[0,7],[1,6],[16,6],[9,6],[6,10],[9,7],[7,10],[6,11],[2,4],[5,5],[14,5],[5,6],[2,5],[13,8],[8,10],[16,7],[17,3],[11,9],[18,9],[17,4],[11,10],[10,9],[18,10],[3,5],[13,9],[11,11],[6,12],[1,7],[3,6],[4,6],[18,11],[14,6],[5,7],[7,11],[5,8],[19,3],[9,8],[13,10],[5,9],[14,7],[9,9],[8,11],[17,5],[13,11],[4,7],[5,10],[9,10],[3,7],[18,12],[19,4],[4,8],[12,6],[14,8],[8,12],[8,13],[12,7],[6,13],[10,10],[17,6],[3,8],[10,11],[14,9],[2,6],[5,11],[2,7],[1,8],[16,8],[16,9],[3,9],[16,10],[8,14],[7,12],[3,10],[5,12],[3,11],[14,10],[15,3],[1,9],[16,11],[5,13],[15,4],[9,11],[14,11],[13,12],[1,10],[4,9],[2,8],[9,12],[4,10],[3,12],[0,8],[5,14],[19,5],[10,12],[6,14],[18,13],[13,13],[15,5],[18,14],[7,13],[0,9],[16,12],[13,14],[0,10],[0,11],[19,6],[16,13],[19,7],[4,11],[2,9],[16,14],[10,13],[7,14],[0,12],[17,7],[19,8],[12,8],[2,10],[11,12],[17,8],[15,6],[19,9],[12,9],[15,7],[2,11],[17,9],[1,11],[2,12],[2,13],[9,13],[0,13],[9,14],[4,12],[19,10],[1,12],[14,12],[3,13],[12,10],[4,13],[15,8],[14,13],[11,13],[17,10],[0,14],[1,13],[11,14],[12,11],[10,14],[17,11],[3,14],[12,12],[15,9],[12,13],[19,11],[15,10],[17,12],[15,11],[15,12],[17,13],[17,14],[12,14],[19,12],[15,13],[15,14],[14,14],[1,14],[19,13],[2,14],[4,14],[19,14]]"
  },
  "average": {
    "avg_cmax": 2413.0,
    "avg_time": 0.2931817710000004
  }
}