{
  "instance": "data/JSPLIB/instances/ta04",
  "instance_name": "ta04",
  "algorithm": "sa",
  "runs": 2,
  "timestamp": "20250824_131354",
  "per_run": [
    {
      "run": 1,
      "cmax": 1773,
      "time": 0.08295216700000019
    },
    {
      "run": 2,
      "cmax": 2364,
      "time": 0.12465916600000071
    }
  ],
  "best": {
    "cmax": 1773,
    "time": 0.08295216700000019,
    "permutation": "[[1,0],[14,0],[8,0],[2,0],[12,0],[11,0],[9,0],[0,0],[12,1],[8,1],[3,0],[12,2],[14,1],[3,1],[3,2],[2,1],[10,0],[12,3],[3,3],[11,1],[6,0],[13,0],[8,2],[0,1],[8,3],[5,0],[13,1],[8,4],[2,2],[9,1],[8,5],[9,2],[5,1],[11,2],[10,1],[11,3],[14,2],[1,1],[6,1],[8,6],[13,2],[4,0],[0,2],[6,2],[13,3],[10,2],[7,0],[6,3],[10,3],[5,2],[14,3],[9,3],[4,1],[0,3],[7,1],[14,4],[9,4],[7,2],[13,4],[4,2],[10,4],[1,2],[7,3],[6,4],[12,4],[14,5],[14,6],[5,3],[8,7],[2,3],[13,5],[1,3],[4,3],[14,7],[14,8],[3,4],[12,5],[6,5],[2,4],[8,8],[2,5],[0,4],[9,5],[6,6],[5,4],[7,4],[10,5],[0,5],[13,6],[5,5],[5,6],[0,6],[0,7],[7,5],[8,9],[5,7],[2,6],[5,8],[5,9],[13,7],[14,9],[10,6],[13,8],[0,8],[14,10],[13,9],[3,5],[14,11],[1,4],[10,7],[1,5],[5,10],[2,7],[5,11],[7,6],[8,10],[8,11],[3,6],[4,4],[0,9],[8,12],[12,6],[4,5],[7,7],[9,6],[14,12],[1,6],[3,7],[3,8],[11,4],[11,5],[6,7],[2,8],[0,10],[7,8],[2,9],[2,10],[11,6],[14,13],[4,6],[11,7],[13,10],[13,11],[12,7],[3,9],[9,7],[4,7],[6,8],[5,12],[1,7],[2,11],[6,9],[13,12],[12,8],[7,9],[5,13],[12,9],[8,13],[7,10],[13,13],[4,8],[2,12],[12,10],[13,14],[11,8],[7,11],[11,9],[3,10],[0,11],[10,8],[5,14],[4,9],[9,8],[6,10],[3,11],[0,12],[9,9],[0,13],[6,11],[2,13],[11,10],[14,14],[3,12],[3,13],[4,10],[10,9],[6,12],[1,8],[1,9],[11,11],[12,11],[9,10],[0,14],[6,13],[8,14],[9,11],[1,10],[2,14],[9,12],[1,11],[12,12],[10,10],[9,13],[11,12],[11,13],[1,12],[7,12],[9,14],[3,14],[10,11],[7,13],[10,12],[1,13],[12,13],[11,14],[1,14],[4,11],[4,12],[7,14],[6,14],[12,14],[10,13],[10,14],[4,13],[4,14]]"
  },
  "average": {
    "avg_cmax": 2068.5,
    "avg_time": 0.10380566650000045
  }
}