{
  "instance": "data/JSPLIB/instances/ta01",
  "instance_name": "ta01",
  "algorithm": "tabu",
  "runs": 2,
  "timestamp": "20250824_131344",
  "per_run": [
    {
      "run": 1,
      "cmax": 2376,
      "time": 0.16424712500000016
    },
    {
      "run": 2,
      "cmax": 1996,
      "time": 0.20253179100000018
    }
  ],
  "best": {
    "cmax": 1996,
    "time": 0.20253179100000018,
    "permutation": "[[2,0],[2,1],[11,0],[10,0],[2,2],[5,0],[0,0],[0,1],[6,0],[8,0],[4,0],[5,1],[7,0],[11,1],[11,2],[2,3],[14,0],[4,1],[0,2],[8,1],[12,0],[13,0],[11,3],[0,3],[8,2],[14,1],[10,1],[6,1],[9,0],[12,1],[2,4],[3,0],[6,2],[11,4],[14,2],[3,1],[13,1],[5,2],[1,0],[10,2],[12,2],[0,4],[9,1],[9,2],[11,5],[1,1],[9,3],[10,3],[10,4],[0,5],[9,4],[13,2],[13,3],[9,5],[1,2],[12,3],[11,6],[2,5],[4,2],[12,4],[0,6],[0,7],[12,5],[9,6],[9,7],[3,2],[8,3],[1,3],[13,4],[1,4],[11,7],[10,5],[9,8],[7,1],[11,8],[13,5],[12,6],[9,9],[13,6],[2,6],[11,9],[13,7],[12,7],[10,6],[11,10],[8,4],[8,5],[7,2],[13,8],[14,3],[4,3],[2,7],[1,5],[5,3],[11,11],[9,10],[13,9],[14,4],[4,4],[9,11],[10,7],[2,8],[5,4],[4,5],[12,8],[3,3],[4,6],[11,12],[10,8],[2,9],[3,4],[1,6],[6,3],[6,4],[8,6],[13,10],[10,9],[7,3],[4,7],[0,8],[13,11],[6,5],[11,13],[2,10],[8,7],[14,5],[6,6],[11,14],[6,7],[14,6],[13,12],[9,12],[6,8],[4,8],[1,7],[0,9],[13,13],[1,8],[2,11],[14,7],[9,13],[10,10],[12,9],[2,12],[12,10],[7,4],[8,8],[2,13],[4,9],[12,11],[0,10],[14,8],[3,5],[7,5],[7,6],[7,7],[9,14],[3,6],[7,8],[12,12],[6,9],[5,5],[8,9],[7,9],[1,9],[0,11],[7,10],[0,12],[8,10],[5,6],[6,10],[5,7],[7,11],[14,9],[12,13],[4,10],[13,14],[3,7],[1,10],[4,11],[0,13],[1,11],[6,11],[8,11],[2,14],[4,12],[1,12],[10,11],[4,13],[5,8],[8,12],[8,13],[3,8],[6,12],[4,14],[0,14],[10,12],[1,13],[14,10],[3,9],[12,14],[14,11],[5,9],[8,14],[1,14],[14,12],[5,10],[7,12],[14,13],[7,13],[3,10],[14,14],[10,13],[7,14],[6,13],[3,11],[3,12],[3,13],[10,14],[5,11],[3,14],[5,12],[5,13],[5,14],[6,14]]"
  },
  "average": {
    "avg_cmax": 2186.0,
    "avg_time": 0.18338945800000017
  }
}