{
  "instance": "data/JSPLIB/instances/ta10",
  "instance_name": "ta10",
  "algorithm": "sa",
  "runs": 2,
  "timestamp": "20250824_131414",
  "per_run": [
    {
      "run": 1,
      "cmax": 2564,
      "time": 0.18683716600000366
    },
    {
      "run": 2,
      "cmax": 2225,
      "time": 0.08165625000000176
    }
  ],
  "best": {
    "cmax": 2225,
    "time": 0.08165625000000176,
    "permutation": "[[10,0],[11,0],[9,0],[1,0],[3,0],[0,0],[10,1],[9,1],[5,0],[1,1],[6,0],[11,1],[10,2],[11,2],[3,1],[12,0],[5,1],[9,2],[2,0],[8,0],[0,1],[10,3],[10,4],[13,0],[9,3],[7,0],[14,0],[7,1],[5,2],[4,0],[13,1],[2,1],[1,2],[4,1],[2,2],[14,1],[5,3],[12,1],[2,3],[9,4],[8,1],[13,2],[4,2],[11,3],[1,3],[4,3],[5,4],[6,1],[8,2],[7,2],[1,4],[8,3],[1,5],[9,5],[1,6],[13,3],[14,2],[11,4],[9,6],[0,2],[5,5],[8,4],[13,4],[4,4],[13,5],[13,6],[10,5],[5,6],[1,7],[13,7],[2,4],[14,3],[10,6],[9,7],[4,5],[9,8],[2,5],[7,3],[14,4],[2,6],[0,3],[1,8],[14,5],[6,2],[13,8],[8,5],[9,9],[9,10],[12,2],[4,6],[6,3],[6,4],[5,7],[8,6],[0,4],[1,9],[12,3],[2,7],[14,6],[13,9],[12,4],[5,8],[1,10],[3,2],[5,9],[6,5],[14,7],[5,10],[2,8],[1,11],[7,4],[4,7],[7,5],[3,3],[14,8],[2,9],[5,11],[0,5],[3,4],[1,12],[5,12],[9,11],[4,8],[3,5],[8,7],[13,10],[3,6],[7,6],[12,5],[6,6],[14,9],[11,5],[9,12],[14,10],[10,7],[14,11],[4,9],[9,13],[4,10],[4,11],[7,7],[3,7],[13,11],[6,7],[0,6],[4,12],[3,8],[10,8],[14,12],[13,12],[4,13],[0,7],[11,6],[5,13],[3,9],[2,10],[6,8],[0,8],[11,7],[13,13],[12,6],[11,8],[0,9],[0,10],[11,9],[0,11],[13,14],[3,10],[0,12],[11,10],[2,11],[7,8],[6,9],[1,13],[3,11],[14,13],[2,12],[0,13],[6,10],[6,11],[4,14],[2,13],[9,14],[3,12],[7,9],[11,11],[2,14],[8,8],[10,9],[11,12],[0,14],[1,14],[10,10],[8,9],[10,11],[10,12],[7,10],[7,11],[6,12],[7,12],[8,10],[10,13],[6,13],[3,13],[14,14],[3,14],[6,14],[7,13],[8,11],[12,7],[12,8],[8,12],[8,13],[5,14],[7,14],[8,14],[10,14],[12,9],[12,10],[12,11],[12,12],[11,13],[12,13],[11,14],[12,14]]"
  },
  "average": {
    "avg_cmax": 2394.5,
    "avg_time": 0.1342467080000027
  }
}